Series Name,Series Code,Country Name,Country Code,1990 [YR1990],2000 [YR2000],2010 [YR2010],2011 [YR2011],2012 [YR2012],2013 [YR2013],2014 [YR2014],2015 [YR2015],2016 [YR2016],2017 [YR2017],2018 [YR2018],2019 [YR2019]
GDP per capita (current US$),NY.GDP.PCAP.CD,Afghanistan,AFG,..,..,543.3030419,591.1623465,641.8720338,637.1650439,613.8563329,578.4663529,547.2281102,556.3021385,520.8966027,..
GDP per capita (current US$),NY.GDP.PCAP.CD,Albania,ALB,617.2304355,1126.683318,4094.362119,4437.178067,4247.614279,4413.081743,4578.66672,3952.829458,4124.108907,4532.890162,5268.848504,..
GDP per capita (current US$),NY.GDP.PCAP.CD,Algeria,DZA,2408.688815,1764.888222,4480.724539,5455.741338,5592.326098,5499.581487,5493.02559,4177.867517,3946.421445,4044.298372,4114.715061,..
GDP per capita (current US$),NY.GDP.PCAP.CD,American Samoa,ASM,..,..,10271.22452,10294.30227,11568.793,11505.39371,11507.23235,11843.33118,11696.95556,10823.4448,11466.69071,..
GDP per capita (current US$),NY.GDP.PCAP.CD,Andorra,AND,18878.50597,21936.5301,39736.35406,41100.72994,38392.9439,40626.75163,42300.33413,36039.6535,37224.10892,39134.39337,42029.76274,..
GDP per capita (current US$),NY.GDP.PCAP.CD,Angola,AGO,947.7041821,556.8363181,3587.883798,4615.468028,5100.095808,5254.882338,5408.410496,4166.979684,3506.072885,4095.812942,3432.385736,..
GDP per capita (current US$),NY.GDP.PCAP.CD,Antigua and Barbuda,ATG,7348.212943,10920.84269,13049.25705,12746.20502,13272.44133,12909.74418,13501.58092,14286.09316,15197.61746,15383.41519,16726.98081,..
GDP per capita (current US$),NY.GDP.PCAP.CD,Argentina,ARG,4333.482973,7708.100996,10385.96443,12848.8642,13082.66433,13080.25473,12334.79825,13789.06042,12790.24247,14591.86338,11683.94962,..
GDP per capita (current US$),NY.GDP.PCAP.CD,Armenia,ARM,637.8546595,622.7421391,3218.372707,3525.804747,3681.857456,3838.185801,3986.231624,3607.296697,3591.829276,3914.501268,4212.070943,..
GDP per capita (current US$),NY.GDP.PCAP.CD,Aruba,ABW,12307.31174,20620.70063,23512.6026,24985.99328,24713.69805,25025.09956,25533.56978,25796.38025,25239.60041,25630.26649,..,..
GDP per capita (current US$),NY.GDP.PCAP.CD,Australia,AUS,18211.27459,21679.24784,52022.1256,62517.83375,68012.1479,68150.10704,62510.79117,56755.72171,49971.13146,54066.47127,57373.68668,..
GDP per capita (current US$),NY.GDP.PCAP.CD,Austria,AUT,21680.98969,24564.45829,46858.04327,51374.95841,48567.69529,50716.70871,51717.49594,44178.04738,45237.80509,47431.63061,51461.95478,..
GDP per capita (current US$),NY.GDP.PCAP.CD,Azerbaijan,AZE,1237.324492,655.0974326,5842.805784,7189.691229,7496.294648,7875.756953,7891.313147,5500.320497,3880.738731,4147.089716,4721.178087,..
GDP per capita (current US$),NY.GDP.PCAP.CD,"Bahamas, The",BHS,12356.4239,27097.61081,28443.40766,28006.37972,29485.62093,28768.02989,29445.03053,31405.96356,31588.835,31827.2427,32217.87159,..
GDP per capita (current US$),NY.GDP.PCAP.CD,Bahrain,BHR,8528.983334,13636.39623,20722.13729,22514.25875,23654.37185,24744.35763,24989.38021,22688.96379,22619.11667,23715.48275,24050.75751,..
GDP per capita (current US$),NY.GDP.PCAP.CD,Bangladesh,BGD,306.2687038,418.0689683,781.1535936,861.7584443,883.1050005,981.8398792,1118.853663,1248.453398,1401.620628,1563.994082,1698.262802,..
GDP per capita (current US$),NY.GDP.PCAP.CD,Barbados,BRB,7754.078594,11496.6024,16056.11684,16459.05801,16249.89778,16452.03696,16488.52576,16561.87352,16936.90604,17431.60292,17949.28151,..
GDP per capita (current US$),NY.GDP.PCAP.CD,Belarus,BLR,2124.840514,1276.288034,6181.399916,6519.230195,6940.159254,7978.872615,8318.51269,5949.106307,5022.626643,5761.74712,6289.938553,..
GDP per capita (current US$),NY.GDP.PCAP.CD,Belgium,BEL,20600.37525,23041.53473,44141.87814,47348.52502,44673.11588,46744.66254,47700.54036,40991.80814,42012.0999,44219.562,47518.63604,..
GDP per capita (current US$),NY.GDP.PCAP.CD,Belize,BLZ,2197.185023,3364.423711,4270.799647,4423.490439,4505.62068,4568.542051,4705.610045,4775.915077,4818.404394,4887.55982,4884.742421,..
GDP per capita (current US$),NY.GDP.PCAP.CD,Benin,BEN,393.6862144,374.1923942,758.4350829,827.0226108,837.8949968,915.5758164,944.931653,784.2784072,789.0849152,829.4788028,901.5438712,..
GDP per capita (current US$),NY.GDP.PCAP.CD,Bermuda,BMU,26841.51974,56284.16865,88207.32756,85973.15842,85458.45551,85748.06541,..,..,..,..,..,..
GDP per capita (current US$),NY.GDP.PCAP.CD,Bhutan,BTN,564.7796095,718.1878292,2258.183141,2563.257526,2538.945899,2472.714309,2652.214588,2752.664208,2930.562988,3286.574704,3243.231125,..
GDP per capita (current US$),NY.GDP.PCAP.CD,Bolivia,BOL,709.0596725,997.5824599,1955.461557,2346.33717,2609.880819,2908.200085,3081.878834,3035.972215,3076.658949,3351.124053,3548.59014,..
GDP per capita (current US$),NY.GDP.PCAP.CD,Bosnia and Herzegovina,BIH,..,1467.776477,4635.517779,5092.551943,4778.636088,5131.394506,5329.635045,4727.277381,4994.68314,5394.59122,6065.672708,..
GDP per capita (current US$),NY.GDP.PCAP.CD,Botswana,BWA,2945.83204,3522.308678,6434.815657,7617.325094,7877.79035,7224.965172,7780.638385,6799.875234,7243.852997,7893.210108,8258.641666,..
GDP per capita (current US$),NY.GDP.PCAP.CD,Brazil,BRA,3100.280468,3749.75325,11286.24302,13245.6125,12370.0242,12300.32258,12112.5903,8814.000987,8712.887044,9880.946543,8920.762105,..
GDP per capita (current US$),NY.GDP.PCAP.CD,British Virgin Islands,VGB,..,..,..,..,..,..,..,..,..,..,..,..
GDP per capita (current US$),NY.GDP.PCAP.CD,Brunei Darussalam,BRN,13607.5221,18012.55626,35269.55311,47055.84112,47741.90647,44740.08502,41726.78397,31164.56203,27157.82341,28572.14678,31628.32879,..
GDP per capita (current US$),NY.GDP.PCAP.CD,Bulgaria,BGR,2366.529821,1609.882452,6843.26695,7813.806692,7378.02473,7646.839866,7864.760672,6993.783483,7469.455638,8228.01157,9272.629304,..
GDP per capita (current US$),NY.GDP.PCAP.CD,Burkina Faso,BFA,351.9793229,226.4759814,575.4464527,666.8401198,673.8215984,699.7794056,703.8200556,575.3144542,582.7954443,642.4298387,715.122904,..
GDP per capita (current US$),NY.GDP.PCAP.CD,Burundi,BDI,208.1467554,136.4639708,234.2356469,249.5779794,252.3589799,256.9760028,274.8579479,305.5497728,282.1931304,292.9976307,271.7520444,..
GDP per capita (current US$),NY.GDP.PCAP.CD,Cabo Verde,CPV,908.0961896,1259.323656,3378.25486,3740.389099,3447.524041,3615.979041,3588.674054,3043.013984,3130.982229,3292.645755,3635.40685,..
GDP per capita (current US$),NY.GDP.PCAP.CD,Cambodia,KHM,..,302.5771636,785.5022829,882.2754926,950.880346,1013.420401,1093.496191,1162.90492,1278.631062,1385.458363,1510.324871,..
GDP per capita (current US$),NY.GDP.PCAP.CD,Cameroon,CMR,946.6464131,649.9918454,1285.261726,1403.255638,1354.623087,1465.222327,1540.568182,1326.969277,1363.403851,1421.587492,1533.74214,..
GDP per capita (current US$),NY.GDP.PCAP.CD,Canada,CAN,21448.36196,24190.24962,47450.31847,52101.79609,52542.34666,52504.6557,50835.51118,43495.05439,42279.90082,45069.92725,46232.98962,..
GDP per capita (current US$),NY.GDP.PCAP.CD,Cayman Islands,CYM,..,..,73350.78482,72328.41164,72783.32044,73515.89532,74990.43322,76280.48625,78296.09993,81124.51348,..,..
GDP per capita (current US$),NY.GDP.PCAP.CD,Central African Republic,CAF,513.305285,251.2068774,487.9453833,551.0280576,565.8330584,380.1900917,423.8841246,377.2712538,401.9182384,449.7864235,475.7212505,..
GDP per capita (current US$),NY.GDP.PCAP.CD,Chad,TCD,291.5532595,165.7629866,891.6988174,983.4472327,967.408126,979.5339592,1018.930956,775.7075235,692.9785958,664.3033157,728.3432354,..
GDP per capita (current US$),NY.GDP.PCAP.CD,Channel Islands,CHI,..,43381.65784,..,..,..,..,..,..,..,..,..,..
GDP per capita (current US$),NY.GDP.PCAP.CD,Chile,CHL,2494.525669,5074.901624,12808.03459,14637.24024,15351.55133,15842.94081,14670.99676,13574.17183,13748.08766,15037.35028,15923.35874,..
GDP per capita (current US$),NY.GDP.PCAP.CD,China,CHN,317.884673,959.3724836,4550.453596,5618.132491,6316.918863,7050.64592,7651.366044,8033.388043,8078.790474,8759.041578,9770.847088,..
GDP per capita (current US$),NY.GDP.PCAP.CD,Colombia,COL,1445.328368,2520.480898,6326.549469,7324.383286,8042.529769,8212.667829,8114.084264,6175.87603,5871.223524,6375.932063,6667.7907,..
GDP per capita (current US$),NY.GDP.PCAP.CD,Comoros,COM,1043.800803,645.8186908,1315.214806,1446.068018,1403.428519,1504.920859,1511.816083,1242.102885,1272.193943,1320.541867,1415.263622,..
GDP per capita (current US$),NY.GDP.PCAP.CD,"Congo, Dem. Rep.",COD,270.1305434,405.216253,334.0215726,387.0824654,424.6003861,457.9637283,486.7870819,497.3169608,471.3188404,467.0742375,561.7771824,..
GDP per capita (current US$),NY.GDP.PCAP.CD,"Congo, Rep.",COG,1187.551284,1029.577037,2809.694957,3282.393455,3032.667329,3047.064589,2992.931349,1761.32357,1814.063418,1702.571349,2147.769461,..
GDP per capita (current US$),NY.GDP.PCAP.CD,Costa Rica,CRI,1831.001912,3772.870012,8141.913127,9121.932518,9913.209959,10490.08133,10547.15186,11299.13554,11666.45591,11752.5434,12027.36588,..
GDP per capita (current US$),NY.GDP.PCAP.CD,Cote d'Ivoire,CIV,905.3217159,651.3059068,1211.930338,1207.001434,1243.344597,1415.469385,1559.386504,1426.457864,1481.652231,1557.182814,1715.531332,..
GDP per capita (current US$),NY.GDP.PCAP.CD,Croatia,HRV,..,4849.528816,13923.63705,14566.62973,13238.11795,13642.19778,13600.18618,11782.90255,12360.47326,13412.34195,14909.69319,..
GDP per capita (current US$),NY.GDP.PCAP.CD,Cuba,CUB,2703.168039,2747.098575,5730.354775,6139.71933,6497.321113,6837.712892,7133.342095,7694.01192,8060.795886,8541.210673,8821.818891,..
GDP per capita (current US$),NY.GDP.PCAP.CD,Curacao,CUW,..,..,..,20146.38641,20587.39736,20462.71795,20258.00969,19951.3279,19555.36585,19457.53152,19567.89244,..
GDP per capita (current US$),NY.GDP.PCAP.CD,Cyprus,CYP,9641.575273,14388.34806,31023.63833,32396.38574,28912.15694,27729.1927,27129.62612,23333.71491,24532.51906,26338.69434,28689.69858,..
GDP per capita (current US$),NY.GDP.PCAP.CD,Czech Republic,CZE,3917.15984,6011.61522,19808.07109,21717.45794,19729.87051,19916.01939,19744.55861,17715.61685,18463.38658,20379.89604,23078.57349,..
GDP per capita (current US$),NY.GDP.PCAP.CD,Denmark,DNK,26891.44645,30743.54768,58041.39844,61753.64713,58507.50805,61191.1937,62548.98473,53254.856,54663.99837,57141.05984,61350.34791,..
GDP per capita (current US$),NY.GDP.PCAP.CD,Djibouti,DJI,766.1409545,768.1760767,1343.26873,1451.54298,1559.240651,2312.728803,2466.018332,2675.605374,2818.376856,2930.703172,3082.543099,..
GDP per capita (current US$),NY.GDP.PCAP.CD,Dominica,DMA,2860.43156,4787.780171,6967.24523,7065.052968,6848.418234,7016.676471,7318.103783,7596.435062,8080.968623,7274.721333,7691.345097,..
GDP per capita (current US$),NY.GDP.PCAP.CD,Dominican Republic,DOM,991.6144241,2869.105861,5555.390949,5913.434422,6110.369521,6238.133097,6608.832257,6921.517371,7280.873164,7609.345492,8050.631602,..
GDP per capita (current US$),NY.GDP.PCAP.CD,Ecuador,ECU,1489.529509,1445.279324,4633.590358,5200.55579,5682.045007,6056.330827,6377.09153,6124.491643,6060.093329,6213.501276,6344.871979,..
GDP per capita (current US$),NY.GDP.PCAP.CD,"Egypt, Arab Rep.",EGY,765.6420464,1450.476242,2644.817039,2791.954962,3232.648892,3264.378787,3378.831358,3598.970948,3525.020165,2440.510173,2549.132252,..
GDP per capita (current US$),NY.GDP.PCAP.CD,El Salvador,SLV,914.1309275,2001.538009,2983.242708,3266.045875,3428.384736,3509.53628,3588.965943,3705.540002,3800.103302,3902.242318,4058.252439,..
GDP per capita (current US$),NY.GDP.PCAP.CD,Equatorial Guinea,GNQ,267.4680729,1725.554738,17272.00977,21613.54923,21712.39502,20384.92453,19368.23091,11278.92894,9244.051798,9738.434224,10261.76001,..
GDP per capita (current US$),NY.GDP.PCAP.CD,Eritrea,ERI,..,308.1337836,667.7441778,811.3760286,..,..,..,..,..,..,..,..
GDP per capita (current US$),NY.GDP.PCAP.CD,Estonia,EST,..,4075.970639,14784.38108,17624.04414,17534.42154,19174.10073,20367.10266,17522.23019,18237.29584,20337.84973,23266.34627,..
GDP per capita (current US$),NY.GDP.PCAP.CD,Eswatini,SWZ,1355.393945,1728.705335,4168.505183,4496.60038,4527.668982,4230.344051,4038.55723,3689.518704,3447.695698,3953.08897,4145.974112,..
GDP per capita (current US$),NY.GDP.PCAP.CD,Ethiopia,ETH,254.2432569,124.4608003,341.5541149,354.4795758,467.0779272,499.5315721,566.9264665,640.5418913,717.1245929,768.4250255,772.3135303,..
GDP per capita (current US$),NY.GDP.PCAP.CD,Faroe Islands,FRO,..,22653.31605,48530.23385,52083.88914,49459.71723,54853.6256,59440.03076,52404.65933,55822.91472,..,..,..
GDP per capita (current US$),NY.GDP.PCAP.CD,Fiji,FJI,1835.128096,2076.568784,3652.527437,4371.45751,4591.555784,4840.693716,5605.570331,5390.745237,5651.318055,6101.030839,6266.967965,..
GDP per capita (current US$),NY.GDP.PCAP.CD,Finland,FIN,28364.64508,24285.46682,46459.97325,51081.99767,47710.79022,49878.04324,50260.29986,42811.21299,43777.44009,46191.93116,50152.34014,..
GDP per capita (current US$),NY.GDP.PCAP.CD,France,FRA,21793.84265,22364.02939,40638.334,43790.73205,40874.70351,42592.93409,43008.64738,36613.37522,36962.22229,38679.12715,41463.64402,..
GDP per capita (current US$),NY.GDP.PCAP.CD,French Polynesia,PYF,15913.59048,14323.82082,..,..,..,..,..,..,..,..,..,..
GDP per capita (current US$),NY.GDP.PCAP.CD,Gabon,GAB,6268.95102,4125.716664,8840.730664,10795.50058,9814.038992,9680.824339,9650.574376,7381.746749,6979.709196,7212.535744,7952.525893,..
GDP per capita (current US$),NY.GDP.PCAP.CD,"Gambia, The",GMB,331.8184348,594.151643,860.6378737,762.7610541,742.7811378,700.514972,607.4284041,660.7235712,682.7180203,679.7773326,716.118489,..
GDP per capita (current US$),NY.GDP.PCAP.CD,Georgia,GEO,1614.640122,749.9085236,3233.295943,4021.743306,4421.818242,4623.729554,4739.203565,4014.185944,4062.169888,4357.011625,4717.143026,..
GDP per capita (current US$),NY.GDP.PCAP.CD,Germany,DEU,22303.96133,23635.92922,41531.9342,46644.77603,43858.36306,46285.76407,47959.99327,41139.54457,42098.92045,44240.04411,47603.02763,..
GDP per capita (current US$),NY.GDP.PCAP.CD,Ghana,GHA,398.6370001,258.4709595,1298.436952,1558.482133,1613.286837,2378.159513,1968.858263,1766.005701,1931.38947,2025.885857,2202.312164,..
GDP per capita (current US$),NY.GDP.PCAP.CD,Gibraltar,GIB,..,..,..,..,..,..,..,..,..,..,..,..
GDP per capita (current US$),NY.GDP.PCAP.CD,Greece,GRC,9600.18513,12042.95373,26917.75898,25916.29353,22242.68193,21874.8195,21760.9798,18167.77372,18116.45962,18883.46007,20324.25356,..
GDP per capita (current US$),NY.GDP.PCAP.CD,Greenland,GRL,18326.80512,19004.10729,43988.33249,47186.98147,45936.76595,47535.58995,50484.92757,44536.40131,48181.87419,..,..,..
GDP per capita (current US$),NY.GDP.PCAP.CD,Grenada,GRD,2886.908295,5057.173965,7257.756622,7291.058897,7444.504768,7789.776381,8369.886755,9096.870646,9628.347487,10163.62985,10640.49676,..
GDP per capita (current US$),NY.GDP.PCAP.CD,Guam,GUM,..,..,30700.43401,30859.40435,32494.56236,33265.38119,34394.09748,35278.92594,35562.83791,35615.80463,35712.56214,..
GDP per capita (current US$),NY.GDP.PCAP.CD,Guatemala,GTM,825.8073881,1655.58773,2825.483963,3187.866203,3299.665605,3452.922,3687.836951,3923.573344,4140.589826,4470.609994,4549.010081,..
GDP per capita (current US$),NY.GDP.PCAP.CD,Guinea,GIN,419.7886298,363.482479,672.4244026,651.1353635,717.0507379,769.0039433,787.2380702,769.2560137,732.9621726,855.5736399,878.5996133,..
GDP per capita (current US$),NY.GDP.PCAP.CD,Guinea-Bissau,GNB,250.1504679,308.1441193,557.6321326,702.7428804,616.4116862,634.482446,622.4817167,603.1585129,661.0076549,736.7255662,777.9699218,..
GDP per capita (current US$),NY.GDP.PCAP.CD,Guyana,GUY,533.5362054,954.4041525,3033.247725,3425.436441,3788.146749,3934.865262,4031.600662,4166.128516,4542.622067,4586.054572,4979.002188,..
GDP per capita (current US$),NY.GDP.PCAP.CD,Haiti,HTI,439.944063,467.1475588,665.6274195,744.2174268,769.749381,815.8200152,831.8739489,815.7282844,735.3017703,765.7272943,868.3420247,..
GDP per capita (current US$),NY.GDP.PCAP.CD,Honduras,HND,993.4830527,1080.462129,1904.346465,2088.3153,2144.342611,2102.593166,2206.051934,2302.201379,2342.584651,2449.964691,2500.113213,..
GDP per capita (current US$),NY.GDP.PCAP.CD,"Hong Kong SAR, China",HKG,13485.54489,25756.66378,32549.99823,35142.48793,36730.8767,38403.77771,40315.28556,42431.88828,43734.24999,46225.78187,48675.61646,..
GDP per capita (current US$),NY.GDP.PCAP.CD,Hungary,HUN,..,4624.281657,13113.52596,14150.96673,12918.24752,13687.2461,14246.1098,12651.56834,12992.37567,14457.60876,16161.98051,..
GDP per capita (current US$),NY.GDP.PCAP.CD,Iceland,ISL,25423.07201,32018.06325,43024.92384,47516.87574,45910.0209,49522.23697,54242.05468,52428.59576,61757.94931,71314.7742,73191.11632,..
GDP per capita (current US$),NY.GDP.PCAP.CD,India,IND,367.5566093,443.3141934,1357.563719,1458.103527,1443.879529,1449.605912,1573.881492,1605.605431,1729.268021,1981.268706,2009.978857,..
GDP per capita (current US$),NY.GDP.PCAP.CD,Indonesia,IDN,585.07655,780.190201,3122.362815,3643.043936,3694.348946,3623.911582,3491.624791,3331.695128,3562.845756,3836.913814,3893.596078,..
GDP per capita (current US$),NY.GDP.PCAP.CD,"Iran, Islamic Rep.",IRN,2214.327492,1670.00947,6603.212269,7818.057232,7927.647542,6111.440608,5608.602512,4916.085938,5265.906635,5627.749268,..,..
GDP per capita (current US$),NY.GDP.PCAP.CD,Iraq,IRQ,10326.92166,..,4657.280426,6045.495551,6836.027313,7076.554608,6818.804621,4989.803075,4776.726499,5205.288255,5834.166211,..
GDP per capita (current US$),NY.GDP.PCAP.CD,Ireland,IRL,14048.1062,26241.36461,48715.17686,51848.90973,48917.89756,51590.18845,55492.98268,61995.42278,63197.08237,69649.88274,78806.432,..
GDP per capita (current US$),NY.GDP.PCAP.CD,Isle of Man,IMN,..,20322.94615,69766.52119,77351.95888,76104.68137,80431.6728,88974.22865,81606.28003,79155.54167,80989.17221,..,..
GDP per capita (current US$),NY.GDP.PCAP.CD,Israel,ISR,12663.36453,21043.57493,30693.59308,33669.24647,32511.23785,36309.46883,37678.88977,35776.79517,37321.62404,40541.86209,41715.02928,..
GDP per capita (current US$),NY.GDP.PCAP.CD,Italy,ITA,20825.78421,20087.59199,36000.52012,38599.06221,35053.52624,35549.9747,35518.41529,30230.2263,30936.12544,32326.84175,34483.204,..
GDP per capita (current US$),NY.GDP.PCAP.CD,Jamaica,JAM,1897.686963,3384.694861,4704.054455,5111.471413,5209.851931,4989.171391,4833.790318,4907.50372,4843.338474,5069.183838,5354.236859,..
GDP per capita (current US$),NY.GDP.PCAP.CD,Japan,JPN,25359.34702,38532.04088,44507.67639,48167.99727,48603.47665,40454.44746,38109.41211,34524.46986,38794.33094,38331.9794,39289.95843,..
GDP per capita (current US$),NY.GDP.PCAP.CD,Jordan,JOR,1166.610276,1674.825261,3690.113268,3816.279258,3877.339345,3998.027473,4072.765475,4105.448961,4103.7336,4162.820687,4241.788782,..
GDP per capita (current US$),NY.GDP.PCAP.CD,Kazakhstan,KAZ,1647.463231,1229.000958,9070.488253,11634.0019,12386.7,13890.63177,12807.26069,10510.77189,7714.841844,9247.581331,9812.601137,..
GDP per capita (current US$),NY.GDP.PCAP.CD,Kenya,KEN,361.3281889,397.4826588,951.6879611,971.633329,1136.871406,1210.388014,1315.804535,1336.883349,1410.527571,1568.201541,1710.510097,..
GDP per capita (current US$),NY.GDP.PCAP.CD,Kiribati,KIR,549.8555066,796.8881748,1516.811869,1735.018358,1788.505421,1715.765331,1642.762597,1542.57525,1584.807446,1625.57597,1625.2861,..
GDP per capita (current US$),NY.GDP.PCAP.CD,"Korea, Dem. People’s Rep.",PRK,..,..,..,..,..,..,..,..,..,..,..,..
GDP per capita (current US$),NY.GDP.PCAP.CD,"Korea, Rep.",KOR,6516.305759,11947.57913,22086.95292,24079.78852,24358.78218,25890.01867,27811.36638,27105.07623,27608.24743,29742.83886,31362.75147,..
GDP per capita (current US$),NY.GDP.PCAP.CD,Kosovo,XKX,..,1087.762401,3283.483451,3736.700833,3600.575965,3876.970676,4054.71697,3574.24112,3697.129595,3948.05267,4302.276483,..
GDP per capita (current US$),NY.GDP.PCAP.CD,Kuwait,KWT,8794.631229,18440.37852,38577.38166,48618.88229,51978.99848,49388.20939,44062.4003,29869.52939,27653.1644,29759.53245,33994.40657,..
GDP per capita (current US$),NY.GDP.PCAP.CD,Kyrgyz Republic,KGZ,609.1728912,279.6195693,880.0377751,1123.883168,1177.974735,1282.437162,1279.769783,1121.082835,1120.666513,1242.769643,1281.363661,..
GDP per capita (current US$),NY.GDP.PCAP.CD,Lao PDR,LAO,203.2559698,325.1869982,1140.599205,1378.361365,1581.395403,1825.665113,1998.335215,2134.711796,2308.800482,2423.846203,2542.486528,..
GDP per capita (current US$),NY.GDP.PCAP.CD,Latvia,LVA,..,3351.230706,11344.69337,13713.85531,13847.78511,15043.11756,15740.32675,13698.93795,14153.41492,15548.08231,17860.6172,..
GDP per capita (current US$),NY.GDP.PCAP.CD,Lebanon,LBN,1012.643881,4491.637259,7756.744069,7703.389472,7985.854941,7923.851717,7712.062848,7649.832611,7634.946544,7838.343385,8269.787676,..
GDP per capita (current US$),NY.GDP.PCAP.CD,Lesotho,LSO,350.0608392,436.488352,1199.951766,1393.386362,1328.813074,1249.183496,1276.413,1112.081441,1115.336075,1226.61263,1299.153126,..
GDP per capita (current US$),NY.GDP.PCAP.CD,Liberia,LBR,..,306.8328947,513.4456986,596.8970811,657.9362563,721.9300554,721.1827948,710.3838577,714.6233922,698.7017644,677.3221785,..
GDP per capita (current US$),NY.GDP.PCAP.CD,Libya,LBY,6514.321504,7142.774452,12064.78069,5554.179164,13025.28139,10363.78949,6466.91027,4337.919139,4035.194316,5756.42314,7241.704481,..
GDP per capita (current US$),NY.GDP.PCAP.CD,Liechtenstein,LIE,49375.32528,74853.93873,141200.38,158156.5998,149010.2249,173058.3174,178845.631,167290.94,165028.245,..,..,..
GDP per capita (current US$),NY.GDP.PCAP.CD,Lithuania,LTU,..,3297.354701,11953.93844,14338.64351,14333.94934,15705.16399,16534.48198,14249.11497,14999.47964,16840.93857,19153.40899,..
GDP per capita (current US$),NY.GDP.PCAP.CD,Luxembourg,LUX,34645.14324,48735.99549,104965.3061,115761.5077,106749.0136,113625.1329,118823.6484,101376.4966,104278.391,107361.3069,116639.888,..
GDP per capita (current US$),NY.GDP.PCAP.CD,"Macao SAR, China",MAC,9368.368638,15710.08693,52253.15531,66644.38534,76291.84749,89287.45402,93777.1068,75340.98698,74061.08603,81516.67492,87208.53591,..
GDP per capita (current US$),NY.GDP.PCAP.CD,Madagascar,MDG,265.6761189,245.9390659,471.9592116,531.2655054,518.1528127,541.0660851,530.8612639,467.2352774,475.9553656,515.292739,527.501285,..
GDP per capita (current US$),NY.GDP.PCAP.CD,Malawi,MWI,199.9863423,156.3857186,478.6685897,534.9512647,391.5618324,348.4302696,371.2697496,380.5970331,315.7773264,356.7175732,389.3980332,..
GDP per capita (current US$),NY.GDP.PCAP.CD,Malaysia,MYS,2441.741991,4043.662051,9040.566251,10399.37275,10817.44287,10970.12328,11319.07976,9955.242127,9817.740861,10254.23402,11373.233,..
GDP per capita (current US$),NY.GDP.PCAP.CD,Maldives,MDV,963.8417858,2234.579866,7076.662423,7291.42764,7265.613656,7928.457365,8499.365762,9033.390413,9209.288625,9540.634349,10330.61561,..
GDP per capita (current US$),NY.GDP.PCAP.CD,Mali,MLI,317.3893069,269.8711377,709.5819646,836.5098094,778.6694625,805.2596685,847.1503863,751.1705935,779.874933,828.5119764,899.6599081,..
GDP per capita (current US$),NY.GDP.PCAP.CD,Malta,MLT,7191.923603,11039.05651,21107.36443,22845.90489,21926.80837,23838.6144,26012.01531,24077.01082,25151.51962,27283.54473,30098.28331,..
GDP per capita (current US$),NY.GDP.PCAP.CD,Marshall Islands,MHL,1660.129889,2272.722795,2876.994997,3083.83188,3224.338382,3296.698163,3230.02326,3213.837288,3473.775006,3666.695374,3788.163594,..
GDP per capita (current US$),NY.GDP.PCAP.CD,Mauritania,MRT,501.1933984,491.8427617,1241.428756,1435.635415,1411.35283,1477.361539,1371.58435,1193.400596,1123.888166,1145.547947,1188.834588,..
GDP per capita (current US$),NY.GDP.PCAP.CD,Mauritius,MUS,2506.179312,3929.075495,8000.376432,9197.026972,9291.227619,9637.00265,10153.93822,9260.447303,9681.618567,10484.90836,11238.69039,..
GDP per capita (current US$),NY.GDP.PCAP.CD,Mexico,MEX,3112.268706,7157.8145,9271.398233,10203.42085,10241.72792,10725.18332,10922.37605,9605.952351,8739.756043,9278.418168,9673.443674,..
GDP per capita (current US$),NY.GDP.PCAP.CD,"Micronesia, Fed. Sts.",FSM,1528.540721,2171.950238,2885.44589,3009.198232,3131.386282,2994.678833,2971.456884,2906.377221,3014.700018,3289.701223,3568.290829,..
GDP per capita (current US$),NY.GDP.PCAP.CD,Moldova,MDA,..,354.0037982,1958.13372,2363.593725,2446.725316,2668.683009,2674.116332,2179.233625,2272.405707,2724.493093,3227.312192,..
GDP per capita (current US$),NY.GDP.PCAP.CD,Monaco,MCO,84289.55954,82367.99128,150585.4489,168785.9408,157515.8991,177593.3519,189170.8957,165937.8653,169915.8048,167101.7594,185741.28,..
GDP per capita (current US$),NY.GDP.PCAP.CD,Mongolia,MNG,1172.443066,474.2168965,2643.292914,3757.558633,4351.88692,4366.075901,4158.525715,3918.579174,3660.150746,3669.41754,4121.732435,..
GDP per capita (current US$),NY.GDP.PCAP.CD,Montenegro,MNE,..,1627.072633,6682.281158,7318.74469,6586.721279,7186.431924,7378.345289,6514.272695,7028.936577,7784.06529,8844.236985,..
GDP per capita (current US$),NY.GDP.PCAP.CD,Morocco,MAR,1206.011838,1334.943051,2839.925168,3046.949136,2912.658275,3121.681176,3171.699192,2875.257985,2896.720003,3036.325255,3222.200634,..
GDP per capita (current US$),NY.GDP.PCAP.CD,Mozambique,MOZ,..,313.5680341,471.1816926,594.5864667,657.6453378,664.0782118,673.9699555,589.8590281,428.926488,461.4150941,498.9572202,..
GDP per capita (current US$),NY.GDP.PCAP.CD,Myanmar,MMR,..,190.6062319,979.05163,1176.242453,1165.794329,1162.33144,1251.820765,1133.002816,1192.495338,1249.828746,1325.952924,..
GDP per capita (current US$),NY.GDP.PCAP.CD,Namibia,NAM,1944.137621,2136.440243,5324.61704,5753.987148,5930.548473,5694.082634,5624.135341,5032.889762,4786.235303,5646.456008,5931.453886,..
GDP per capita (current US$),NY.GDP.PCAP.CD,Nauru,NRU,..,..,4921.119111,7226.814649,10101.50479,10039.27221,9871.731985,8013.357608,7820.729599,8844.742806,9888.893597,..
GDP per capita (current US$),NY.GDP.PCAP.CD,Nepal,NPL,191.8789042,229.4902871,592.4010975,699.4293377,698.4664794,715.923743,743.4133813,792.5528906,777.1475955,911.4442665,1033.912431,..
GDP per capita (current US$),NY.GDP.PCAP.CD,Netherlands,NLD,21290.86038,26149.41108,50950.03434,54159.34661,50073.00566,52184.06185,52830.17423,45175.23189,46007.85292,48554.99228,53024.05921,..
GDP per capita (current US$),NY.GDP.PCAP.CD,New Caledonia,NCL,14800.02869,12579.59511,..,..,..,..,..,..,..,..,..,..
GDP per capita (current US$),NY.GDP.PCAP.CD,New Zealand,NZL,13663.02162,13641.10272,33692.01083,38426.55081,39970.44004,42949.14223,44533.78309,38559.54704,40026.8522,42260.12518,41945.33167,..
GDP per capita (current US$),NY.GDP.PCAP.CD,Nicaragua,NIC,241.87647,1007.501429,1503.870423,1655.816933,1760.461485,1811.632521,1934.056966,2049.84969,2107.56718,2168.195206,2028.894755,..
GDP per capita (current US$),NY.GDP.PCAP.CD,Niger,NER,309.0568829,158.7049748,347.3430407,374.4828645,390.1199097,414.3886131,427.737226,360.8533841,362.1311323,375.8694897,413.980305,..
GDP per capita (current US$),NY.GDP.PCAP.CD,Nigeria,NGA,567.5286729,567.930736,2292.445156,2520.404166,2746.991789,2998.072843,3222.693537,2730.430324,2175.99967,1968.559588,2028.18197,..
GDP per capita (current US$),NY.GDP.PCAP.CD,North Macedonia,MKD,2354.263462,1854.145956,4542.899717,5063.786986,4698.141294,5210.67583,5468.480869,4840.273123,5129.15896,5417.642019,6083.718948,..
GDP per capita (current US$),NY.GDP.PCAP.CD,Northern Mariana Islands,MNP,..,..,14804.24673,13571.05828,13827.7697,14274.24065,15278.90787,16690.5701,22246.74308,28305.22259,23258.67586,..
GDP per capita (current US$),NY.GDP.PCAP.CD,Norway,NOR,28242.94374,38131.46061,87693.79007,100600.5624,101524.1419,102913.4508,97019.18275,74355.51586,70460.56053,75496.75406,81697.24598,..
GDP per capita (current US$),NY.GDP.PCAP.CD,Oman,OMN,6448.127685,8601.25417,19281.16563,20896.74698,21923.54802,20926.55405,20131.9813,16150.88726,14721.64733,15130.49783,16415.15728,..
GDP per capita (current US$),NY.GDP.PCAP.CD,Pakistan,PAK,371.6785662,519.5343268,987.409723,1164.976129,1198.109001,1208.90431,1251.164104,1356.667756,1368.454326,1464.993305,1482.403063,..
GDP per capita (current US$),NY.GDP.PCAP.CD,Palau,PLW,..,7647.929861,10219.9276,10884.41251,11967.30726,12688.19721,13794.79178,15871.84263,16932.33286,16078.26819,15859.43486,..
GDP per capita (current US$),NY.GDP.PCAP.CD,Panama,PAN,2603.846622,4060.324493,8082.028459,9358.251475,10722.28363,11889.12763,12796.07004,13630.30797,14356.32405,15166.12443,15575.07255,..
GDP per capita (current US$),NY.GDP.PCAP.CD,Papua New Guinea,PNG,697.539573,602.1869023,1949.352517,2406.909678,2790.67667,2729.891904,2920.783721,2679.345589,2509.631457,2695.251883,2730.274799,..
GDP per capita (current US$),NY.GDP.PCAP.CD,Paraguay,PRY,1376.164673,1663.605252,4355.934939,5322.96376,5183.082877,5926.832863,6102.943233,5406.703857,5319.410218,5680.580768,5821.814323,..
GDP per capita (current US$),NY.GDP.PCAP.CD,Peru,PER,1196.586858,1955.588006,5082.354757,5869.32308,6528.972218,6756.752769,6672.880255,6229.101696,6204.99726,6710.508029,6941.235848,..
GDP per capita (current US$),NY.GDP.PCAP.CD,Philippines,PHL,715.9137121,1038.90854,2124.05677,2345.327754,2572.629425,2749.386636,2831.316667,2867.15199,2941.21204,2981.934151,3102.713363,..
GDP per capita (current US$),NY.GDP.PCAP.CD,Poland,POL,1731.209509,4492.727604,12599.53358,13893.50926,13145.53926,13781.06261,14347.91458,12572.30788,12431.57542,13856.98239,15420.91116,..
GDP per capita (current US$),NY.GDP.PCAP.CD,Portugal,PRT,7884.617945,11497.75346,22498.69086,23186.91313,20564.88986,21647.04181,22074.30076,19242.36647,19978.40121,21437.3475,23407.90659,..
GDP per capita (current US$),NY.GDP.PCAP.CD,Puerto Rico,PRI,8652.507492,16192.12697,26435.74879,27278.88305,27944.73389,28513.16574,28981.45733,29764.05389,30628.75478,31353.43418,31651.34815,..
GDP per capita (current US$),NY.GDP.PCAP.CD,Qatar,QAT,15454.08233,29976.11704,67403.1603,82409.58033,85076.14793,85050.91097,83858.52838,63039.01655,57163.06099,61264.39648,68793.78444,..
GDP per capita (current US$),NY.GDP.PCAP.CD,Romania,ROU,1680.705623,1659.90764,8209.919456,9104.995622,8535.046876,9555.244217,10026.97358,8977.498544,9567.097782,10807.68448,12301.1864,..
GDP per capita (current US$),NY.GDP.PCAP.CD,Russian Federation,RUS,3485.112306,1771.59783,10674.9972,14351.21205,15434.57478,16007.08999,14100.7291,9313.787542,8745.375117,10750.58712,11288.87845,..
GDP per capita (current US$),NY.GDP.PCAP.CD,Rwanda,RWA,349.8733576,218.6801627,582.6941191,645.7483207,704.1777125,704.9803025,723.2819733,728.0818794,726.3479745,762.9143746,772.9444599,..
GDP per capita (current US$),NY.GDP.PCAP.CD,Samoa,WSM,772.5058491,1542.066736,3566.362435,3933.459314,4022.19907,4037.509208,3937.758796,4073.665929,4109.165137,4258.486292,4183.407935,..
GDP per capita (current US$),NY.GDP.PCAP.CD,San Marino,SMR,..,40124.4599,68496.36068,64890.23886,56068.43455,57302.688,54282.8098,45774.58789,46692.35109,48494.55141,..,..
GDP per capita (current US$),NY.GDP.PCAP.CD,Sao Tome and Principe,STP,..,..,1094.710636,1263.865523,1340.526507,1577.022329,1782.797756,1595.861423,1710.133948,1811.009633,2001.140902,..
GDP per capita (current US$),NY.GDP.PCAP.CD,Saudi Arabia,SAU,7246.016367,9171.330145,19262.54768,23745.80161,25243.3587,24844.74437,24463.90316,20627.93278,19879.29753,20803.74257,23338.96346,..
GDP per capita (current US$),NY.GDP.PCAP.CD,Senegal,SEN,961.5739465,604.654066,1278.977754,1371.723353,1330.057448,1375.678754,1394.794743,1218.764246,1269.040407,1367.218948,1521.953554,..
GDP per capita (current US$),NY.GDP.PCAP.CD,Serbia,SRB,..,870.1365252,5735.422857,6809.159804,6015.945228,6755.073675,6600.056809,5585.117938,5756.381194,6284.192672,7246.731656,..
GDP per capita (current US$),NY.GDP.PCAP.CD,Seychelles,SYC,5302.843727,7578.851053,10804.68447,12189.09516,12006.68296,14765.67398,14700.33434,14745.34146,15077.83902,15683.6565,16433.93529,..
GDP per capita (current US$),NY.GDP.PCAP.CD,Sierra Leone,SLE,150.3890323,138.6986922,401.8350014,448.3375255,566.3786569,716.8353047,714.7007124,588.2284527,501.4157129,499.3807078,533.9911843,..
GDP per capita (current US$),NY.GDP.PCAP.CD,Singapore,SGP,11861.75616,23852.32703,47236.96023,53890.42873,55546.48854,56967.42579,57562.53079,55646.61875,56724.17039,60297.79378,64581.94402,..
GDP per capita (current US$),NY.GDP.PCAP.CD,Sint Maarten (Dutch part),SXM,..,..,..,..,..,..,..,..,..,..,..,..
GDP per capita (current US$),NY.GDP.PCAP.CD,Slovak Republic,SVK,2405.535136,5413.150621,16727.29133,18338.36223,17460.04681,18236.98079,18670.93017,16309.07324,16505.99806,17510.08899,19442.70576,..
GDP per capita (current US$),NY.GDP.PCAP.CD,Slovenia,SVN,9107.477079,10201.30354,23509.54339,25095.13263,22643.10025,23496.60231,24214.92207,20881.76677,21622.58068,23442.70428,26123.97387,..
GDP per capita (current US$),NY.GDP.PCAP.CD,Solomon Islands,SLB,970.0160546,1054.388246,1290.398786,1722.418121,1913.232013,1977.451405,1996.781184,1914.46793,1986.416229,2059.045427,2137.690695,..
GDP per capita (current US$),NY.GDP.PCAP.CD,Somalia,SOM,126.9249205,..,..,..,..,297.9554718,295.2665004,293.4552357,295.9678516,309.0553548,314.5441657,..
GDP per capita (current US$),NY.GDP.PCAP.CD,South Africa,ZAF,3139.966054,3032.427138,7328.615629,8007.412846,7501.469984,6832.456891,6433.187277,5734.633629,5272.918425,6132.479841,6374.028196,..
GDP per capita (current US$),NY.GDP.PCAP.CD,South Sudan,SSD,..,..,1535.708185,1516.403915,1179.739828,1779.469336,1322.820238,1119.651332,..,..,..,..
GDP per capita (current US$),NY.GDP.PCAP.CD,Spain,ESP,13804.8768,14713.06571,30502.71971,31636.44631,28324.42934,29059.54795,29461.55033,25732.01836,26505.62433,28100.85228,30370.89233,..
GDP per capita (current US$),NY.GDP.PCAP.CD,Sri Lanka,LKA,463.6186318,869.6965166,2799.648876,3200.833829,3350.521876,3610.289363,3819.25353,3843.780672,3886.291502,4104.630983,4102.48135,..
GDP per capita (current US$),NY.GDP.PCAP.CD,St. Kitts and Nevis,KNA,5396.530162,9836.195568,15508.61699,16538.09653,16044.557,16685.02661,18051.89007,18029.32554,18811.94512,19155.43173,19275.41851,..
GDP per capita (current US$),NY.GDP.PCAP.CD,St. Lucia,LCA,3756.218844,5323.375357,8037.472967,8227.394082,8151.992413,8358.905169,8744.291224,9262.256115,9452.055364,10039.67141,10566.04975,..
GDP per capita (current US$),NY.GDP.PCAP.CD,St. Martin (French part),MAF,..,..,..,..,..,..,..,..,..,..,..,..
GDP per capita (current US$),NY.GDP.PCAP.CD,St. Vincent and the Grenadines,VCT,2236.288774,3676.439642,6292.789829,6242.193281,6390.314389,6639.607146,6684.807367,6920.878074,7075.06582,7212.960181,7361.400962,..
GDP per capita (current US$),NY.GDP.PCAP.CD,Sudan,SDN,483.952592,366.1728076,1489.876911,1672.103295,1882.24677,1943.916458,2163.155898,2486.745659,2398.10188,3015.02443,977.2736357,..
GDP per capita (current US$),NY.GDP.PCAP.CD,Suriname,SUR,958.6146981,2012.260287,8255.796859,8263.172923,9201.008785,9402.233137,9472.0076,8561.974179,5604.722569,5379.119415,6234.044922,..
GDP per capita (current US$),NY.GDP.PCAP.CD,Sweden,SWE,30343.18287,29456.06864,52817.44137,60612.87883,57874.2865,60897.36563,59843.51917,51397.19176,51974.19656,53744.42903,54608.36025,..
GDP per capita (current US$),NY.GDP.PCAP.CD,Switzerland,CHE,38428.3855,37868.296,74605.77451,88415.61081,83538.21282,85112.4696,86605.51739,82081.60921,80172.1933,80450.04582,82796.54716,..
GDP per capita (current US$),NY.GDP.PCAP.CD,Syrian Arab Republic,SYR,988.9486722,1177.629268,..,..,..,..,..,..,..,..,..,..
GDP per capita (current US$),NY.GDP.PCAP.CD,Tajikistan,TJK,497.6320261,138.4288795,749.552711,847.3821018,969.2964731,1048.227293,1104.171689,929.0958572,802.5180041,806.0415731,826.6215305,..
GDP per capita (current US$),NY.GDP.PCAP.CD,Tanzania,TZA,173.7906392,410.9523276,743.4037847,781.4370143,867.8676806,970.4169384,1030.092917,947.9334465,966.4746224,1004.841121,1060.994615,..
GDP per capita (current US$),NY.GDP.PCAP.CD,Thailand,THA,1508.942737,2007.736363,5076.342992,5492.115427,5860.58061,6168.264895,5951.883702,5840.046948,5978.611454,6578.188865,7273.563207,..
GDP per capita (current US$),NY.GDP.PCAP.CD,Timor-Leste,TLS,..,497.1313913,3656.952163,5095.489022,5879.699804,4888.317126,3441.650608,2585.153916,2053.273796,2000.601161,2035.533908,..
GDP per capita (current US$),NY.GDP.PCAP.CD,Togo,TGO,431.4501598,302.2063943,533.508792,586.3288415,571.8394289,621.2222598,640.1139137,570.6807371,597.0654589,624.5449459,679.2570836,..
GDP per capita (current US$),NY.GDP.PCAP.CD,Tonga,TON,1194.541034,2065.502661,3553.220614,4084.624132,4597.742305,4428.566481,4393.940811,4320.63799,3966.15652,4217.476507,4364.015561,..
GDP per capita (current US$),NY.GDP.PCAP.CD,Trinidad and Tobago,TTO,4150.301855,6435.164683,16683.35538,19034.1492,19157.41704,20143.66445,20270.85937,18289.70434,16176.94737,16238.19319,17129.91309,..
GDP per capita (current US$),NY.GDP.PCAP.CD,Tunisia,TUN,1491.122129,2211.826817,4141.976353,4264.674946,4152.678587,4222.703245,4305.474165,3861.688531,3698.058504,3482.186729,3447.50791,..
GDP per capita (current US$),NY.GDP.PCAP.CD,Turkey,TUR,2794.35039,4316.548908,10672.38925,11335.51051,11707.25971,12519.39143,12095.85457,10948.72461,10820.63384,10513.64842,9370.176344,..
GDP per capita (current US$),NY.GDP.PCAP.CD,Turkmenistan,TKM,865.789417,643.174726,4439.200382,5649.952278,6675.185658,7304.287132,7962.239098,6432.680702,6389.548408,6587.090316,6966.635411,..
GDP per capita (current US$),NY.GDP.PCAP.CD,Turks and Caicos Islands,TCA,..,..,21028.40814,21835.08314,21009.88581,21328.97901,23296.33691,24832.59637,25995.17246,25933.60744,27142.2278,..
GDP per capita (current US$),NY.GDP.PCAP.CD,Tuvalu,TUV,990.06482,1462.8547,3022.28882,3640.861433,3507.936911,3454.684953,3398.818942,3197.795645,3255.894866,3572.608367,3700.710677,..
GDP per capita (current US$),NY.GDP.PCAP.CD,Uganda,UGA,248.0293672,261.8689977,622.4988457,602.6846514,668.832462,689.1548142,739.373927,709.0210386,608.7057351,631.5227198,642.7767443,..
GDP per capita (current US$),NY.GDP.PCAP.CD,Ukraine,UKR,1569.739433,635.7089635,2965.142365,3569.757027,3855.42128,4029.715504,3104.658296,2124.662666,2187.731997,2640.675677,3095.173581,..
GDP per capita (current US$),NY.GDP.PCAP.CD,United Arab Emirates,ARE,27729.46642,33291.41937,33893.30351,39194.67662,40976.49971,42412.63028,43751.83889,38663.38381,38141.84676,39811.6347,43004.95336,..
GDP per capita (current US$),NY.GDP.PCAP.CD,United Kingdom,GBR,19095.467,28149.87001,39435.8399,42038.50048,42462.71491,43444.56484,47417.63505,44966.10193,41074.16728,40361.41738,42943.90227,..
GDP per capita (current US$),NY.GDP.PCAP.CD,United States,USA,23888.60001,36334.90878,48466.82338,49883.11398,51603.49726,53106.90977,55032.958,56803.47243,57904.20196,59927.92983,62794.58565,..
GDP per capita (current US$),NY.GDP.PCAP.CD,Uruguay,URY,2990.364248,6875.021328,11992.01663,14236.68119,15171.58466,16973.67421,16831.97294,15613.76427,15387.14403,16437.24487,17277.97011,..
GDP per capita (current US$),NY.GDP.PCAP.CD,Uzbekistan,UZB,651.4192061,558.2268024,1634.312095,1926.292997,2137.025122,2281.410973,2492.336643,2615.025134,2567.799207,1826.566919,1532.371677,..
GDP per capita (current US$),NY.GDP.PCAP.CD,Vanuatu,VUT,1080.67245,1470.572265,2966.857116,3264.537017,3133.090209,3124.233078,3088.258303,2801.939848,2889.853036,3082.356323,3123.893396,..
GDP per capita (current US$),NY.GDP.PCAP.CD,"Venezuela, RB",VEN,2475.380473,4842.037202,13825.35809,10955.34991,12985.50533,12456.71245,16054.49051,..,..,..,..,..
GDP per capita (current US$),NY.GDP.PCAP.CD,Vietnam,VNM,95.18825018,390.0933261,1317.890706,1525.115988,1735.141276,1886.671896,2030.261955,2085.101484,2192.214539,2365.621666,2566.59695,..
GDP per capita (current US$),NY.GDP.PCAP.CD,Virgin Islands (U.S.),VIR,..,..,40043.19017,39144.16577,37849.72872,34819.14775,33573.09703,34797.14047,35931.54125,35938.02439,..,..
GDP per capita (current US$),NY.GDP.PCAP.CD,West Bank and Gaza,PSE,..,1476.17185,2354.125987,2695.193853,2834.021525,3060.312389,3046.821798,2967.851747,3074.291152,3254.485887,3198.866644,..
GDP per capita (current US$),NY.GDP.PCAP.CD,"Yemen, Rep.",YEM,482.247874,554.4486334,1334.784845,1374.621313,1446.53628,1607.152275,1674.002766,1608.744312,1139.870568,963.494721,944.4084994,..
GDP per capita (current US$),NY.GDP.PCAP.CD,Zambia,ZMB,408.7695347,345.6895544,1489.45907,1672.94983,1763.094184,1878.903489,1763.056239,1337.796315,1280.578447,1534.865371,1539.900158,..
GDP per capita (current US$),NY.GDP.PCAP.CD,Zimbabwe,ZWE,841.9729898,563.0577411,948.3318545,1093.654002,1304.969802,1430.000818,1434.89934,1445.071062,1464.583529,1602.403507,2146.996385,..
