Country Name,Region,Year,GDP_perCapita,population,urbanPopulation,PopulationAge15-64,PopulationAge65+,dieselFuelPrice,dieselFuelPrice_year-2,gasolinePrice,gasolinePrice_year-2,goodsImports,goodsExports,serviceImports,serviceExports,personalTransfers,schoolEnrollPrimary,airTransportDeparture,internationalTourism,mobileSubscriptionPer100People,broadbandSubscriptionPer100People,electricPowerConsumption,chargesOfIntellectualProperty,landArea
Albania,Eastern Europe,2016,4124.108907,2876101.0,1680247.0,1974733.0,372633.0,1.35,1.71,1.36,1.76,3670525694.0,789221582.4,1770873915.0,2650667814.0,996202980.9,105.5539,306.0,4070000.0,116.7444442,9.228640975,3232.688106,23163082.28,27400.0
Algeria,Africa,2016,3946.421445,40551404.0,28977628.0,26300653.0,2436320.0,0.17,0.16,0.28,0.27,49316882927.0,29316936939.0,10879459440.0,3429915247.0,1728036632.0,113.8302,73465.0,2039000.0,116.0042077,7.051711073,1731.092213,152897904.4,2381740.0
Argentina,South America,2016,12790.24247,43590368.0,39940546.0,27924236.0,4733904.0,1.0,1.33,1.1,1.52,53543776749.0,57959933691.0,21876362070.0,13424706884.0,312737270.0,110.7392,149334.0,6668000.0,146.4538276,16.60166322,3890.360164,2108388364.0,2736690.0
Austria,Western Europe,2016,45237.80509,8736668.0,5058968.0,5846595.0,1652029.0,1.15,1.55,1.2,1.6,142629000000.0,145575000000.0,49748429078.0,61431634533.0,298710196.3,102.2644,149030.0,28121000.0,126.6614696,28.84661223,9659.62858,1466531271.0,82522.99805
Belarus,Eastern Europe,2016,5022.626643,9501534.0,7378986.0,6562719.0,1369717.0,0.62,1.06,0.6,1.06,25611100000.0,23099800000.0,4381400000.0,6883900000.0,537800000.0,101.077,26857.0,10935400.0,121.112623,32.47559748,3537.682129,125700000.0,202988.0078
Belgium,Western Europe,2016,42012.0999,11331422.0,11095615.0,7321394.0,2081792.0,1.32,1.69,1.43,1.9,267136000000.0,269061000000.0,105119000000.0,108879000000.0,183744920.8,103.3178,147324.0,7481000.0,110.5368746,37.60922178,8367.042979,2759594691.0,30280.0
Benin,Africa,2016,789.0849152,10872067.0,5026048.0,5859860.0,351768.0,0.72,1.1,0.72,1.03,2443635977.0,1774483915.0,665283143.9,353934685.0,201258778.5,130.9023,10.0,267000.0,81.7921125,0.20509447,129.8041262,596399.8772,112760.0
Bolivia,South America,2016,3076.658949,11031813.0,7583048.0,6742195.0,761263.0,0.55,0.54,0.71,0.7,7930773107.0,7029946630.0,2857927957.0,1244740246.0,1233038013.0,96.5925,45722.0,961000.0,91.60973889,2.606905809,937.0933767,99382292.88,1083300.0
Brazil,South America,2016,8712.887044,206163058.0,177386818.0,143590074.0,17115012.0,0.95,1.02,1.02,1.27,139680000000.0,184315000000.0,63747069972.0,33300291480.0,2365066660.0,113.9454,826943.0,6547000.0,118.3855945,12.98156707,3148.312442,5140803656.0,8358140.0
Bulgaria,Eastern Europe,2016,7469.455638,7127822.0,5298039.0,4651208.0,1456167.0,1.09,1.51,1.11,1.49,26639460000.0,25553360000.0,5136460000.0,8933180000.0,962730000.0,91.08322,12187.0,8252000.0,125.4743844,23.73603406,4921.049363,183510000.0,108560.0
Cambodia,Southeast Asia,2016,1278.631062,15766293.0,3560344.0,10146088.0,671273.0,0.8,1.24,0.9,1.34,14119418262.0,10272926617.0,2430495633.0,4032905458.0,939327279.9,110.1877,11933.0,5012000.0,126.3169742,0.619302243,320.4166965,10412895.41,176520.0
Cameroon,Africa,2016,1363.403851,23926539.0,13202425.0,12969357.0,653575.0,0.94,1.14,1.03,1.24,4827149065.0,4589968663.0,2247930200.0,1656572813.0,179054095.5,116.1173,8212.0,994000.0,78.22900593,0.192146373,303.8934866,905589.0408,472710.0
China,East Asia,2016,8078.790474,1378665000.0,782199374.0,995434081.0,135145444.0,0.81,1.09,0.96,1.17,1500640000000.0,1989520000000.0,441550000000.0,208404000000.0,8342304876.0,97.96192,3952098.0,59270000.0,96.52661691,22.81370164,5621.084301,23979580208.0,9388210.0
Colombia,South America,2016,5871.223524,48171392.0,38589139.0,32765191.0,3823020.0,0.64,1.04,0.68,1.08,43238949428.0,34063233599.0,11300659281.0,7770924371.0,4868767837.0,116.2337,366188.0,3254000.0,121.8160055,12.27392136,1521.890438,438586639.1,1109500.0
Costa Rica,North America,2016,11666.45591,4899345.0,3808506.0,3389558.0,439249.0,0.79,1.21,0.98,1.44,14526327122.0,10100261496.0,3427283777.0,8537126907.0,514795773.1,111.7611,46405.0,2925000.0,170.0362804,13.04433552,2370.383182,503368674.6,51060.0
Cote d'Ivoire,Africa,2016,1481.652231,23822714.0,11883008.0,13054491.0,671882.0,0.93,1.17,0.93,1.42,7810109086.0,10875534355.0,2902277230.0,913329928.7,171957158.6,95.88669,9463.0,1583000.0,115.2314132,0.572478854,298.6186177,2711598.39,318000.0
Croatia,Eastern Europe,2016,12360.47326,4174349.0,2354458.0,2753101.0,818827.0,1.17,1.59,1.26,1.66,19757226412.0,11644321582.0,3941365100.0,13647424010.0,1113037892.0,98.20057,26171.0,13809000.0,104.888678,24.80146614,4270.882525,268810881.5,55960.0
Czech Republic,Western Europe,2016,18463.38658,10566332.0,7773650.0,7002545.0,1957048.0,1.11,1.6,1.17,1.67,120515000000.0,130600000000.0,19841031534.0,24245582816.0,755936257.6,100.2089,43878.0,9321000.0,117.5742832,28.91055035,6666.651802,1193119443.0,77220.0
Dominican Republic,North America,2016,7280.873164,10397743.0,8259551.0,6735370.0,695524.0,0.91,1.21,1.07,1.41,17398600000.0,9839600000.0,3369600000.0,8309200000.0,5260800000.0,110.2988,1170.0,5959300.0,83.75022036,7.379997251,2070.003818,98400000.0,48310.0
Ecuador,South America,2016,6060.093329,16491115.0,10477465.0,10641596.0,1115426.0,0.29,0.29,0.61,0.6,15852051137.0,17419375499.0,3200336114.0,2145849646.0,2601964649.0,104.935,55430.0,1569000.0,84.18035505,8.861838095,1816.754303,46324537.67,248360.0
"Egypt, Arab Rep.",Africa,2016,3525.020165,94447072.0,40359123.0,57809111.0,4860812.0,0.15,0.25,0.4,0.88,51066100000.0,20018300000.0,17235300000.0,13606000000.0,18590400000.0,105.3936,115856.0,5258000.0,103.540997,4.731924302,2235.302873,187700000.0,995450.0
El Salvador,North America,2016,3800.103302,6356143.0,4481144.0,4082037.0,503816.0,0.7,1.02,0.83,1.12,8975940027.0,4322313880.0,1741346407.0,2548882978.0,4543839151.0,99.80045,28670.0,1434000.0,151.6211797,6.219290535,1234.664745,136773816.8,20720.0
Estonia,Northern Europe,2016,18237.29584,1315790.0,902145.0,852779.0,250764.0,1.14,1.51,1.14,1.46,13328262358.0,12499369628.0,4328092902.0,6099468431.0,122846600.6,97.1178,16179.0,3131000.0,144.1630523,29.98731495,7486.359166,51669819.03,43470.0
Finland,Northern Europe,2016,43777.44009,5495303.0,4686120.0,3455181.0,1142525.0,1.34,1.78,1.45,1.89,58458765192.0,58862749851.0,29729608387.0,26870062284.0,84092063.44,100.4188,162119.0,2789000.0,133.9848042,31.1402214,16617.47596,876760776.6,303910.0
France,Western Europe,2016,36962.22229,66859768.0,53432321.0,41767527.0,12893321.0,1.2,1.63,1.39,1.79,556913000000.0,521166000000.0,236706000000.0,259215000000.0,511415120.0,102.2604,599427.0,82682000.0,104.4897355,42.80350858,7623.655336,14758389447.0,547556.9922
Georgia,Western Asia,2016,4062.169888,3727505.0,2155877.0,2469522.0,540417.0,0.74,1.24,0.76,1.24,6747227737.0,2864698017.0,1736025315.0,3313035439.0,868582891.9,100.3439,3199.0,3297000.0,137.7647586,17.21206839,2548.627601,16194771.85,69490.0
Germany,Western Europe,2016,42098.92045,82348669.0,63592936.0,53852728.0,17530969.0,1.2,1.58,1.39,1.8,1024540000000.0,1304500000000.0,315979000000.0,291700000000.0,5528803.033,102.6776,962803.0,35555000.0,125.8854564,38.93239205,7470.076627,11295092294.0,349360.0
Greece,Eastern Europe,2016,18116.45962,10775971.0,8446960.0,6952092.0,2276958.0,1.22,1.63,1.54,1.98,47087774930.0,27229570716.0,14931124923.0,33075837345.0,183204674.4,99.27773,128454.0,24799000.0,118.122548,34.0552614,6059.999741,246662484.0,128900.0
Guatemala,North America,2016,4140.589826,16583060.0,8344430.0,9908023.0,761536.0,0.65,0.9,0.79,1.01,15767000000.0,10581100000.0,3026100000.0,2784000000.0,7377300000.0,100.8123,3102.0,1585000.0,110.1395181,3.05130363,750.0112736,169600000.0,107160.0
Honduras,North America,2016,2342.584651,9270795.0,5174309.0,5799721.0,411671.0,0.8,1.03,0.98,1.2,8166376152.0,3940383961.0,1740812282.0,2904600820.0,3847339159.0,92.58469,24315.0,838000.0,84.48900013,2.377207133,770.4282347,66573650.27,111890.0
Hungary,Eastern Europe,2016,12992.37567,9814023.0,6946267.0,6636893.0,1766754.0,1.2,1.65,1.18,1.58,82557713333.0,86948512417.0,17425345131.0,24215314775.0,370946279.5,101.8788,137605.0,15255000.0,102.0406696,28.88535037,4261.47201,1446684698.0,90530.0
Iceland,Northern Europe,2016,61757.94931,335439.0,314424.0,220677.0,47188.0,1.63,1.86,1.69,1.85,5315618576.0,4482462409.0,3237317078.0,5386554984.0,17856790.83,99.53414,41022.0,1792000.0,120.8927593,38.53723292,74715.94595,105225068.8,100250.0
India,South Asia,2016,1729.268021,1324509589.0,439498772.0,877808961.0,76732882.0,0.81,0.91,0.97,1.1,376090000000.0,268615000000.0,95922439917.0,161819000000.0,59083771822.0,114.5383,917625.0,14570000.0,85.14868348,1.408310236,1045.931087,5466041710.0,2973190.0
Indonesia,Southeast Asia,2016,3562.845756,261554226.0,141210511.0,175876856.0,14449134.0,0.61,0.62,0.63,0.93,129152000000.0,144470000000.0,30407205820.0,23323541061.0,8687362230.0,105.6099,823735.0,11519000.0,147.4150225,1.998572155,1100.615664,1732362913.0,1811570.0
Italy,Western Europe,2016,30936.12544,60627498.0,42351339.0,38898890.0,13480439.0,1.44,2.01,1.61,2.14,384999000000.0,450758000000.0,105174000000.0,100844000000.0,2368067166.0,99.42546,277671.0,52372000.0,141.6939815,25.65528181,5536.655503,4680064924.0,294140.0
Jordan,Middle East,2016,4103.7336,9551467.0,8644651.0,5803146.0,361187.0,0.64,0.82,1.1,1.27,17136478873.0,7548732394.0,4577605634.0,6035492958.0,4004366197.0,78.56042,38161.0,3567000.0,102.7648325,3.14621103,2363.380002,24084507.04,88780.0
Kazakhstan,Western Asia,2016,7714.841844,17794055.0,10189588.0,11703873.0,1231068.0,0.4,0.64,0.42,0.81,26232437820.0,35485816557.0,9846945356.0,6084529823.0,380285377.8,109.8852,73188.0,6509000.0,143.2053265,13.17880684,5669.184154,126873670.0,2699700.0
Kenya,Africa,2016,1410.527571,49051686.0,12804943.0,27921053.0,1067536.0,0.82,1.07,0.95,1.21,13413052430.0,5747319971.0,2732435868.0,4154814833.0,1744639180.0,103.2053,99428.0,1268000.0,79.47190398,0.311900541,185.4296044,144483927.9,569140.0
"Korea, Rep.",East Asia,2016,27608.24743,51245707.0,41797024.0,37493474.0,6835121.0,1.05,1.37,1.22,1.55,395464000000.0,511926000000.0,112148000000.0,94809100000.0,5699800000.0,97.71842,473606.0,17242000.0,120.2263275,40.31833895,14529.39352,9429400000.0,97489.00391
Kyrgyz Republic,Western Asia,2016,1120.666513,6079500.0,2185215.0,3874021.0,264977.0,0.49,0.76,0.56,0.94,3708883851.0,1572558203.0,1044531795.0,841030690.0,1994607958.0,104.6015,23120.0,321000.0,125.3393872,3.965424993,1749.859803,7538903.0,191800.0
Latvia,Northern Europe,2016,14153.41492,1959537.0,1332897.0,1275492.0,385634.0,1.07,1.49,1.16,1.48,13750274863.0,11662773776.0,2730783067.0,5091324581.0,545693973.0,99.19855,42392.0,1793000.0,134.240928,26.29605129,3839.856615,36455711.91,62180.0
Lithuania,Northern Europe,2016,14999.47964,2868231.0,1932212.0,1904208.0,544058.0,1.05,1.5,1.16,1.57,26212569164.0,24247689177.0,5093028787.0,7576747610.0,1208075118.0,102.8918,9719.0,2296000.0,145.513378,29.68486173,3844.721282,66926847.32,62642.00195
Luxembourg,Western Europe,2016,104278.391,582014.0,526490.0,405770.0,81728.0,1.03,1.39,1.19,1.52,22042832172.0,19757472983.0,74530921646.0,99533671323.0,37268957.6,100.7898,48255.0,1054000.0,131.8915037,35.06173351,14163.57247,4177784870.0,2430.0
Malta,Western Europe,2016,25151.51962,455356.0,430220.0,302415.0,88244.0,1.22,1.7,1.36,1.8,5036561534.0,2854300804.0,10774292148.0,14536183466.0,221177391.2,103.9727,12305.0,1966000.0,134.252242,39.27176752,5899.230114,675741853.1,320.0
Mauritius,Africa,2016,9681.618567,1263473.0,516887.0,892710.0,131944.0,0.85,1.38,1.12,1.65,4407446280.0,2376428002.0,2052058297.0,2824931540.0,192772370.9,102.4534,13614.0,1275000.0,143.755473,16.84807804,2884.682945,17580177.28,2030.0
Mexico,North America,2016,8739.756043,123333376.0,98145001.0,81180234.0,8477098.0,0.72,1.02,0.73,1.03,387375000000.0,374305000000.0,33179025051.0,24213162696.0,26993281568.0,106.2777,555984.0,35079000.0,90.59237542,13.03147414,2653.520541,276717753.0,1943950.0
Moldova,Eastern Europe,2016,2272.405707,3551954.0,1509971.0,2621290.0,369971.0,0.69,1.16,0.8,1.21,3636470000.0,1557780000.0,839980000.0,1066690000.0,749630000.0,91.75292,9625.0,121000.0,93.17465849,13.70884816,630.3033395,19100000.0,32890.0
Mongolia,East Asia,2016,3660.150746,3056359.0,2087402.0,2036934.0,119834.0,0.67,0.96,0.72,1.01,3466192984.0,4803976536.0,2139163992.0,800883305.2,201718475.0,102.9698,6009.0,404000.0,110.1823278,7.399216847,2168.565777,24610007.25,1553560.0
Morocco,Africa,2016,2896.720003,35126296.0,21553495.0,23119723.0,2296575.0,0.86,1.11,0.99,1.38,36684161943.0,19054117273.0,8449440405.0,15340235467.0,6383473884.0,110.3958,80085.0,10332000.0,118.1848162,3.574041694,1180.439255,104258156.7,446300.0
Mozambique,Africa,2016,428.926488,27829942.0,9719886.0,14439475.0,807477.0,0.6,1.2,0.65,1.55,4732896768.0,3328235536.0,3141590307.0,440450451.2,40492677.44,108.6466,15911.0,1639000.0,53.99077066,0.167441983,703.5751132,19003105.27,786380.0
Myanmar,Southeast Asia,2016,1192.495338,53045226.0,15957065.0,35708552.0,2839502.0,0.51,0.93,0.54,1.14,12812432219.0,9234804284.0,2514590054.0,3795476502.0,1750607668.0,108.9044,65643.0,2907000.0,95.3647362,0.169074673,273.0897818,230635285.5,653080.0
Netherlands,Western Europe,2016,46007.85292,17030314.0,15435425.0,11078547.0,3128751.0,1.34,1.8,1.68,2.15,392969000000.0,465613000000.0,150360000000.0,157672000000.0,171591575.7,103.2868,334240.0,15828000.0,123.0177086,42.29948305,7496.352554,37628021899.0,33690.0
Nigeria,Africa,2016,2175.99967,185960289.0,90531047.0,98834084.0,5106478.0,0.64,0.84,0.46,0.56,35239953320.0,34703895443.0,11758306299.0,3743644913.0,19506649180.0,84.72564,53971.0,5265000.0,82.99740158,0.058039826,186.2472024,252840000.0,910770.0
Panama,North America,2016,14356.32405,4037078.0,2705932.0,2610791.0,311982.0,0.61,0.85,0.74,0.96,20693756500.0,12932849900.0,4907040400.0,12273620700.0,426086200.0,93.12198,143126.0,1921000.0,127.3636031,10.64955891,2638.053559,47000000.0,74340.0
Peru,South America,2016,6204.99726,30926032.0,23979736.0,20207760.0,2337308.0,0.88,1.17,0.99,1.46,34908473498.0,37081738042.0,8358867311.0,6136958376.0,2883886545.0,103.0603,129880.0,3744000.0,119.4241828,6.857530252,1747.711729,379133896.1,1280000.0
Philippines,Southeast Asia,2016,2941.21204,103663927.0,48177810.0,65635238.0,4937469.0,0.58,0.82,0.86,1.05,78283237169.0,42734423311.0,24160460096.0,31203605094.0,23624329047.0,110.1739,345482.0,5967000.0,115.8522806,2.879936428,847.7657148,546410232.4,298170.0
Romania,Eastern Europe,2016,9567.097782,19702332.0,10619557.0,13230962.0,3432483.0,1.14,1.71,1.16,1.59,68001568315.0,57721740110.0,11372316696.0,19918834755.0,2711839081.0,86.90768,46733.0,10223000.0,115.6782699,22.47896512,2549.079908,807871164.1,230080.0
Russian Federation,Eastern Europe,2016,8745.375117,144342396.0,107050095.0,99343826.0,20040465.0,0.55,0.75,0.59,0.81,191494000000.0,281709000000.0,74602240000.0,50643600000.0,3029620000.0,99.81439,746446.0,24571000.0,157.718498,18.94519321,6838.977107,4997360000.0,16376870.0
Senegal,Africa,2016,1269.040407,14993528.0,6941404.0,8030121.0,459585.0,0.97,1.51,1.14,1.7,4836651910.0,2872612360.0,1338857776.0,1217779680.0,1861432194.0,84.45544,582.0,1210000.0,101.2869961,0.655970089,291.740893,7630754.896,192530.0
Serbia,Eastern Europe,2016,5756.381194,7058322.0,3939250.0,4700815.0,1229782.0,1.21,1.66,1.16,1.55,17630011650.0,14179913202.0,4052758934.0,5055583622.0,2977769918.0,100.5713,31958.0,1281000.0,102.7161171,16.38766731,4298.32213,199746134.6,87460.0
Slovak Republic,Eastern Europe,2016,16505.99806,5430798.0,2922095.0,3811923.0,790078.0,1.16,1.61,1.32,1.77,72376549064.0,73784959375.0,8815180024.0,9243362022.0,247295468.4,97.85217,85.0,2027000.0,128.4435529,24.55972553,5077.443527,686313614.3,48080.0
Slovenia,Western Europe,2016,21622.58068,2065042.0,1115536.0,1378214.0,381635.0,1.21,1.68,1.32,1.78,25949923131.0,27655650425.0,5061812630.0,7194260366.0,59456434.87,99.83801,17825.0,3397000.0,115.0200317,28.41168445,7512.936199,224388233.9,20141.99951
Tanzania,Africa,2016,966.4746224,53050790.0,17152912.0,28079105.0,1360067.0,0.8,1.2,0.87,1.29,8463634731.0,4949692273.0,2176433481.0,3599298550.0,371554458.3,85.29786,27422.0,1233000.0,75.48495237,0.600336706,127.9657254,1402980.0,885800.0
Thailand,Thailand,2016,5978.611454,68971331.0,33415230.0,49209859.0,7591024.0,0.68,0.9,0.71,1.29,177711000000.0,213487000000.0,43511450945.0,63786404939.0,4039789517.0,100.7575,413880.0,32530000.0,173.5054814,10.46667116,3420.35621,3979483476.0,510890.0
Togo,Africa,2016,597.0654589,7509952.0,3051143.0,4150526.0,212418.0,0.71,1.29,0.71,1.25,1999819305.0,1035797748.0,398685472.3,541510576.6,324743944.9,125.1071,10725.0,338000.0,73.30838776,0.649311826,182.251635,182122.2799,54390.0
Tunisia,Africa,2016,3698.058504,11303946.0,7725795.0,7706139.0,885038.0,0.62,0.68,0.73,0.91,18374482084.0,13650114058.0,3010567806.0,3249018482.0,1497462795.0,114.9202,38631.0,5724000.0,126.3459615,5.664102223,1835.768803,17504383.85,155360.0
Turkey,Middle East,2016,10820.63384,79821724.0,59175037.0,53181801.0,6425655.0,1.23,1.9,1.42,2.06,191053000000.0,150161000000.0,22542000000.0,37805000000.0,757000000.0,100.9476,743673.0,30289000.0,94.02943867,13.15291498,3776.382249,764000000.0,769630.0
United Kingdom,Northern Europe,2016,41074.16728,65595565.0,54369540.0,42146413.0,11911088.0,1.49,1.99,1.46,1.92,583762000000.0,402603000000.0,226432000000.0,364033000000.0,2725130995.0,101.3352,1180312.0,35814000.0,119.0555562,38.38070604,5100.587896,11821309424.0,241930.0
Uzbekistan,Western Asia,2016,2567.799207,31847900.0,16130961.0,21487722.0,1319021.0,1.28,1.93,1.03,1.02,11037273348.0,8645168397.0,3443736833.0,1904748495.0,3649084896.0,101.5725,21486.0,2027000.0,73.99520784,8.734755262,1309.134641,6417372.7,425400.0
Zambia,Africa,2016,1280.578447,16363507.0,6944345.0,8523909.0,338840.0,1.16,1.59,1.4,1.68,6538529821.0,6534819286.0,1393289892.0,885102775.4,38464441.0,98.60698,8094.0,956000.0,73.43823048,0.194237673,737.7855359,2138070.836,743390.0
Albania,Eastern Europe,2014,4578.66672,2889104.0,1630119.0,1981897.0,351912.0,1.71,1.79,1.76,1.81,4170432937.0,1239878797.0,2068770733.0,2492332715.0,1089767187.0,104.108,1992.0,3341000.0,115.9979353,7.180321133,2309.366503,21881927.42,27400.0
Algeria,Africa,2014,5493.02559,38923687.0,27332602.0,25690644.0,2231541.0,0.16,0.17,0.27,0.29,59457444971.0,60033584184.0,11807321608.0,3553345533.0,2183686892.0,118.5028,60066.0,2301000.0,111.2386102,4.109815688,1362.871919,143997401.9,2381740.0
Argentina,South America,2014,12334.79825,42669500.0,38990109.0,27315080.0,4529965.0,1.33,1.33,1.52,1.46,62898966094.0,68440435907.0,18037663981.0,13396371828.0,334182352.9,111.4597,134521.0,7165000.0,143.6158316,15.29042819,3074.702071,2098996166.0,2736690.0
Austria,Western Europe,2014,51717.49594,8546356.0,4916377.0,5740266.0,1594717.0,1.55,1.81,1.6,1.81,166436000000.0,167468000000.0,55204948406.0,68626265902.0,371381631.7,101.6282,162576.0,25291000.0,150.345714,27.38179226,8355.841952,1777037546.0,82522.99805
Belarus,Eastern Europe,2014,8318.51269,9474511.0,7266287.0,6618651.0,1345662.0,1.06,0.9,1.06,0.88,38058700000.0,35423300000.0,5761000000.0,7952300000.0,521900000.0,98.30412,21168.0,5374900.0,120.8889669,28.46079751,3679.97884,237300000.0,202973.0078
Belgium,Western Europe,2014,47700.54036,11209057.0,10966157.0,7291041.0,2015071.0,1.69,1.98,1.9,2.09,317989000000.0,310964000000.0,117587000000.0,125407000000.0,246903642.6,103.6481,132976.5296,7887000.0,113.4877626,35.74653262,7709.123078,3404143477.0,30280.0
Benin,Africa,2014,944.931653,10286842.0,4646155.0,5506537.0,332089.0,1.1,1.26,1.03,1.24,3272695477.0,2562237333.0,885382708.3,478600472.4,283923249.5,129.5957,648.0,242000.0,84.18939764,0.441525117,100.2251225,2252116.352,112760.0
Bolivia,South America,2014,3081.878834,10706517.0,7285464.0,6480520.0,709149.0,0.54,0.54,0.7,0.7,9893765587.0,12809705325.0,3026252967.0,1197451339.0,1163553186.0,95.93012,51017.00187,871000.0,97.60728909,1.613811476,742.5383997,68285439.41,1083300.0
Botswana,Africa,2014,7780.638385,2088614.0,1386171.0,1281339.0,77712.0,1.07,1.25,1.06,1.23,7775555933.0,8516802383.0,1230230718.0,984517502.7,4073064.9,103.7176,8304.0,1966000.0,163.2901277,1.593876908,1815.558069,127632065.6,566730.0
Brazil,South America,2014,12112.5903,202763735.0,173346772.0,140699012.0,15697743.0,1.02,1.02,1.27,1.39,230727000000.0,224098000000.0,88072140088.0,39965341780.0,2127744943.0,114.2547,937437.0,6430000.0,138.4511833,11.82082759,2619.960616,5922655347.0,8358140.0
Bulgaria,Eastern Europe,2014,7864.760672,7223938.0,5320503.0,4785445.0,1420362.0,1.51,1.68,1.49,1.69,31577860000.0,27891560000.0,5625240000.0,9024080000.0,1098730000.0,96.66216,11755.0,7311000.0,130.9327974,20.43832945,4708.927458,229820000.0,108560.0
Cambodia,Southeast Asia,2014,1093.496191,15274503.0,3329689.0,9802042.0,613387.0,1.24,1.27,1.34,1.35,12021985932.0,8169580958.0,2083756010.0,3810809306.0,891827245.3,116.8082,14732.0,4503000.0,133.8962191,0.43281932,271.3672582,20506256.61,176520.0
Cameroon,Africa,2014,1540.568182,22681858.0,12242760.0,12218621.0,624914.0,1.14,1.01,1.24,1.1,7011114813.0,6562301527.0,2655882457.0,2028377164.0,191539514.4,113.279,5640.0,822000.0,75.1219918,0.074204699,275.1979137,7989240.57,472710.0
Colombia,South America,2014,8114.084264,46969209.0,37300597.0,31718565.0,3490121.0,1.04,1.18,1.08,1.28,61539344538.0,56898749075.0,14378105210.0,7156102122.0,4093206772.0,114.5444,349864.363,2552000.0,117.8049526,10.70649708,1312.157503,525973319.7,1109500.0
"Congo, Dem. Rep.",Africa,2014,486.7870819,73767447.0,31115109.0,37320751.0,2226947.0,1.67,1.48,1.68,1.48,12706297174.0,12321200000.0,3082202560.0,314797429.6,734032028.5,110.1767,11580.0,334000.0,50.29719681,0.000677806,108.5167011,10736427.23,2267050.0
Costa Rica,North America,2014,10547.15186,4795396.0,3641672.0,3313657.0,402137.0,1.21,1.36,1.44,1.57,14784329141.0,9455567011.0,2566783623.0,7106117782.0,558505384.4,111.7729,50239.0,2527000.0,146.3990044,10.76734852,1942.48817,454698564.8,51060.0
Cote d'Ivoire,Africa,2014,1559.386504,22647683.0,11100535.0,12317084.0,637104.0,1.17,1.2,1.42,1.51,9094583367.0,12967509527.0,3062839712.0,902919969.5,197563604.1,86.80014,4032.0,471000.0,97.60192256,0.56013233,274.7300905,2890284.753,318000.0
Croatia,Eastern Europe,2014,13600.18618,4238389.0,2370234.0,2814383.0,801329.0,1.59,1.7,1.66,1.77,21434053053.0,12949698925.0,3968859429.0,13595432728.0,1155012062.0,100.996,25161.0,11623000.0,104.8370208,23.13434905,3714.382988,275923004.8,55960.0
Czech Republic,Western Europe,2014,19744.55861,10525347.0,7723921.0,7116772.0,1840977.0,1.6,1.87,1.67,1.93,135908000000.0,146629000000.0,22356403335.0,25071891761.0,735382548.4,98.66823,48975.0,8096000.0,131.365859,28.27672043,6258.891037,1343830327.0,77220.0
Dominican Republic,North America,2014,6608.832257,10165178.0,7895294.0,6556638.0,646049.0,1.21,1.35,1.41,1.58,17273100000.0,9898900000.0,2969800000.0,7053700000.0,4571200000.0,107.5582,1584.0,5141400.0,81.6860454,5.902461372,1615.515242,81400000.0,48310.0
Ecuador,South America,2014,6377.09153,15951838.0,10091292.0,10230990.0,1027424.0,0.29,0.29,0.6,0.58,26653974326.0,26590481333.0,3522965121.0,2352288007.0,2461742151.0,112.8785,61248.0,1695000.0,104.0991948,8.272569183,1376.393115,110557408.0,248360.0
"Egypt, Arab Rep.",Africa,2014,3378.831358,90424654.0,38737018.0,55871419.0,4569523.0,0.25,0.18,0.88,0.45,56446400000.0,25268700000.0,17549600000.0,21897600000.0,19570400000.0,103.8715,101725.7674,9628300.0,105.409341,3.392745005,1683.213518,241500000.0,995450.0
El Salvador,North America,2014,3588.965943,6295128.0,4335706.0,3997003.0,478960.0,1.02,1.17,1.12,1.26,9581001124.0,4294427682.0,1457773698.0,2325778303.0,4139170393.0,106.2758,31662.0,1345000.0,146.0390003,5.066060611,937.0738768,68550429.24,20720.0
Estonia,Northern Europe,2014,20367.10266,1314545.0,897427.0,861689.0,243773.0,1.51,1.76,1.46,1.76,15964341383.0,14643222704.0,4902734886.0,7149607841.0,128122122.6,98.00723,13524.0,3160000.0,144.1604617,28.18624043,6732.367473,61551392.44,43470.0
Ethiopia,Africa,2014,566.9264665,98094253.0,18635946.0,52808950.0,3363803.0,0.89,0.94,0.99,1.05,13768140261.0,3418298315.0,4435677335.0,2967393372.0,1796377787.0,99.25276,71166.0,770000.0,31.08234717,0.480440931,69.19875316,2190854.732,1000000.0
France,Western Europe,2014,43008.64738,66316100.0,52651004.0,41871249.0,12225941.0,1.63,1.78,1.79,1.91,637038000000.0,580549000000.0,252694000000.0,272956000000.0,627296036.4,101.2803,610197.0,83701000.0,101.9183391,40.45422009,6939.521474,12764952188.0,547556.9922
Georgia,Western Asia,2014,4739.203565,3719414.0,2122558.0,2493683.0,530648.0,1.24,1.37,1.24,1.34,8280714563.0,3995072600.0,1737640681.0,3043593543.0,1247811499.0,104.2728,3317.0,2939000.0,133.8376646,14.88921176,2693.97276,19348328.75,69490.0
Germany,Western Europe,2014,47959.99327,80982500.0,62510392.0,53192333.0,17058285.0,1.58,1.88,1.8,1.96,1178820000000.0,1470310000000.0,337429000000.0,302933000000.0,26806162.9,100.5386,946082.0,32999000.0,122.1971002,36.30777257,7035.482975,10729008199.0,348900.0
Greece,Eastern Europe,2014,21760.9798,10892413.0,8463623.0,7063412.0,2230469.0,1.63,2.08,1.98,2.06,65127203235.0,35577819517.0,16970660131.0,41273732823.0,456164444.4,97.87486,134160.0,22033000.0,113.4854734,29.49197754,5062.606422,445973221.3,128900.0
Guatemala,North America,2014,3687.836951,15923243.0,7903342.0,9346414.0,706239.0,0.9,1.04,1.01,1.14,17055879300.0,10991767958.0,3033174834.0,2830128800.0,5718374186.0,102.5807,2214.0,1371000.0,106.20838,2.723906121,577.8973542,175215100.0,107160.0
Honduras,North America,2014,2206.051934,8955589.0,4882050.0,5488907.0,379191.0,1.03,1.15,1.2,1.25,8514572990.0,4087751951.0,1653748027.0,2676419050.0,3353214367.0,91.94349,24216.0,868000.0,86.26001037,1.762608802,619.8363949,75110955.92,111890.0
Hungary,Eastern Europe,2014,14246.1098,9866468.0,6928924.0,6750521.0,1687922.0,1.65,1.91,1.58,1.84,95218547627.0,98055213654.0,18811408273.0,24913832609.0,387327165.8,101.8569,123708.0,12140000.0,119.5971623,26.31860651,3965.958233,1701540946.0,90530.0
Iceland,Northern Europe,2014,54242.05468,327386.0,306653.0,216931.0,43596.0,1.86,2.06,1.85,1.99,4960922402.0,4861247382.0,3116653605.0,4286271235.0,9094224.931,98.18361,28979.0,997000.0,112.6152638,36.41180302,53832.47909,119197270.8,100250.0
India,South Asia,2014,1573.881492,1295604184.0,419568459.0,849864260.0,70980913.0,0.91,0.86,1.1,1.25,472434000000.0,328387000000.0,81118589091.0,157196000000.0,66831611586.0,107.8644,724541.12,13107000.0,72.86262075,1.215652255,804.5142281,4848711889.0,2973190.0
Indonesia,Southeast Asia,2014,3491.624791,255129004.0,134287151.0,170817970.0,13467193.0,0.62,0.47,0.93,0.47,168310000000.0,175293000000.0,33540622407.0,23530927575.0,8345070844.0,106.0734,675005.8954,9435000.0,127.6154409,1.332663991,811.9069049,1861866472.0,1811570.0
Italy,Western Europe,2014,35518.41529,60789140.0,42109853.0,39223884.0,13151936.0,2.01,2.18,2.14,2.28,454729000000.0,517276000000.0,115376000000.0,113949000000.0,2841044071.0,101.1514,264899.0,48576000.0,148.8415405,23.80827259,5002.40668,5179740482.0,294140.0
Jordan,Middle East,2014,4072.765475,8920049.0,8028044.0,5336259.0,331010.0,0.82,0.97,1.27,1.44,20350985915.0,8385352113.0,4634084507.0,7139577465.0,5995915493.0,79.49863,38386.0,3990000.0,124.370646,3.944273844,1864.675855,2394366.197,88780.0
Kazakhstan,Western Asia,2014,12807.26069,17288285.0,9874723.0,11617712.0,1168003.0,0.64,0.67,0.81,1.01,42453772847.0,79072694941.0,13845946919.0,7002484343.0,397500996.1,112.5344,71220.0,6333000.0,165.2675044,12.41430847,5600.208465,93680130.0,2699700.0
Kenya,Africa,2014,1315.804535,46699981.0,11778202.0,26158470.0,959146.0,1.07,1.26,1.21,1.37,16929142272.0,6218926449.0,3349534944.0,5024215634.0,1440846250.0,105.7534,90625.0,1261000.0,72.01839698,0.218014733,164.3255487,147498189.7,569140.0
"Korea, Rep.",East Asia,2014,27811.36638,50746659.0,41463573.0,37254973.0,6293990.0,1.37,1.63,1.55,1.8,527252000000.0,613397000000.0,115192000000.0,111902000000.0,5782600000.0,98.30577,368132.0,14202000.0,113.2043576,37.93662915,10496.51367,10546000000.0,97430.0
Latvia,Northern Europe,2014,15740.32675,1993782.0,1354815.0,1314303.0,384303.0,1.49,1.77,1.48,1.8,17045344640.0,13765109426.0,2803213268.0,5442543988.0,607373461.4,99.8206,42107.0,1843000.0,117.9486241,24.98492247,3507.404521,45149422.11,62180.0
Lithuania,Northern Europe,2014,16534.48198,2932367.0,1967853.0,1966235.0,539592.0,1.5,1.7,1.57,1.83,28670334632.0,27274887610.0,5543416881.0,7813386019.0,1956872177.0,101.5756,12622.0,2063000.0,143.6175773,26.9851526,3821.14517,47451213.57,62650.0
Luxembourg,Western Europe,2014,118823.6484,556319.0,500042.0,386096.0,77667.0,1.39,1.64,1.52,1.64,27248067481.0,27501208255.0,81712833057.0,104079000000.0,35075781.55,97.52305,47215.0,1038000.0,144.7027678,33.68703518,13914.67845,4960079481.0,2430.0
Malta,Western Europe,2014,26012.01531,434558.0,409992.0,293398.0,79042.0,1.7,1.75,1.8,1.92,4964363813.0,3356040590.0,10399786145.0,13357440093.0,218698697.7,102.8235,14022.0,1690000.0,126.9718292,35.22967385,4924.544019,555242521.9,320.0
Mauritius,Africa,2014,10153.93822,1260934.0,518383.0,891403.0,118705.0,1.38,1.38,1.65,1.65,5353894555.0,3093875525.0,2123615253.0,2904059758.0,326200594.0,102.4473,12131.0,1038000.0,131.3869194,14.4748301,2182.509156,15456951.19,2030.0
Mexico,North America,2014,10922.37605,120355128.0,95072126.0,78734894.0,7913101.0,1.02,0.85,1.03,0.86,400447000000.0,397651000000.0,34474474398.0,21182302176.0,23647283890.0,108.0058,457921.907,29346000.0,87.19889276,10.82838697,2157.323949,239769766.0,1943950.0
Moldova,Eastern Europe,2014,2674.116332,3556397.0,1511326.0,2638997.0,354309.0,1.16,1.4,1.21,1.42,4857200000.0,1816490000.0,1015070000.0,1142220000.0,1012080000.0,93.06422,8400.0,93900.0,91.7690032,12.50046951,1386.234439,25080000.0,32870.0
Mongolia,East Asia,2014,4158.525715,2940108.0,2004066.0,1993015.0,112839.0,0.96,1.22,1.01,1.29,5293135245.0,5470846491.0,1896216037.0,607007302.8,201371408.5,101.3348,5705.56147,393000.0,102.9636666,6.708835186,2006.388881,12999781.95,1553560.0
Morocco,Africa,2014,3171.699192,34192347.0,20602941.0,22521340.0,2140271.0,1.11,0.96,1.38,1.42,41032003259.0,19977019526.0,8871785474.0,16236442777.0,7735661293.0,109.9576,72345.0,10283000.0,129.0186985,2.9054768,904.4421548,111106151.9,446300.0
Mozambique,Africa,2014,673.9699555,26286163.0,8905226.0,13533848.0,771450.0,1.2,1.23,1.55,1.58,7951655999.0,3916382362.0,3657118767.0,724851023.5,102630043.7,107.598,19763.59968,1661000.0,70.31310851,0.140701253,478.9211723,19574342.62,786380.0
Nigeria,Africa,2014,3222.693537,176404902.0,82878551.0,93584254.0,4851220.0,0.84,1.09,0.56,0.62,61536216035.0,82595804758.0,24911354312.0,1991350466.0,20799005200.0,90.10355,61512.45295,4803000.0,78.77348827,0.008922653,144.5254622,252840000.0,910770.0
Panama,North America,2014,12796.07004,3901315.0,2589342.0,2516913.0,287756.0,0.85,1.02,0.96,1.05,25783100000.0,16840800000.0,4940600000.0,11437600000.0,651900000.0,99.13537,132689.7248,1745000.0,177.0195888,7.94770685,2064.175797,98700000.0,74340.0
Peru,South America,2014,6672.880255,30090359.0,23221633.0,19425185.0,2124329.0,1.17,1.41,1.46,1.63,40711494255.0,39532682886.0,8029250512.0,5657290946.0,2636539865.0,101.1357,117800.0,3215000.0,105.9476991,5.872502219,1345.879589,465593559.8,1280000.0
Philippines,Southeast Asia,2014,2831.316667,100513138.0,46329521.0,63178605.0,4518016.0,0.82,1.01,1.05,1.25,67154110408.0,49823702338.0,20921610612.0,25498091521.0,21271047215.0,113.0535,287460.0,4833000.0,110.7577007,2.885194853,696.3467801,547026079.2,298170.0
Poland,Eastern Europe,2014,14347.91458,38011735.0,22960228.0,26602465.0,5777373.0,1.39,1.73,1.42,1.74,214919000000.0,210628000000.0,36677000000.0,48723000000.0,3669000000.0,100.1411,77094.0,16000000.0,149.3926992,18.99093512,3971.799761,2945000000.0,306190.0
Russian Federation,Eastern Europe,2014,14100.7291,143819666.0,106354643.0,100929441.0,19217775.0,0.75,1.0,0.81,0.99,307875000000.0,496806000000.0,121022000000.0,65744490000.0,3637400000.0,97.69432,747804.0,32421000.0,152.7878864,17.24714162,6602.657525,8021370000.0,16376870.0
Senegal,Africa,2014,1394.794743,14174731.0,6440431.0,7570329.0,435619.0,1.51,1.53,1.7,1.72,5776498230.0,2978755924.0,1451525962.0,1320730585.0,1798692363.0,85.5735,4044.0,963000.0,101.4461642,0.729198612,229.3517951,5895857.282,192530.0
Serbia,Eastern Europe,2014,6600.056809,7130576.0,3963388.0,4793305.0,1170766.0,1.66,1.8,1.55,1.78,19585489257.0,14137566301.0,4433477280.0,5042999357.0,3458710068.0,101.1312,28944.0,1029000.0,105.0199314,13.3854722,4271.744667,224594091.7,87460.0
Slovak Republic,Eastern Europe,2014,18670.93017,5418649.0,2926070.0,3855757.0,739702.0,1.61,1.85,1.77,1.98,79435240499.0,83138732917.0,8902492825.0,9142565227.0,274532084.5,99.76804,721.068,1475000.0,117.486212,21.94251661,5137.073835,672289268.0,48080.0
Slovenia,Western Europe,2014,24214.92207,2061980.0,1104335.0,1398717.0,363569.0,1.68,1.77,1.78,1.86,28919875146.0,30487410559.0,5632514469.0,7564601322.0,56940405.47,99.71509,16557.0,2675000.0,112.522346,26.88359013,6727.999302,241837673.5,20140.0
Suriname,South America,2014,9472.0076,553273.0,365653.0,361206.0,36097.0,1.34,1.52,1.29,1.57,1965641551.0,2148859163.0,803105984.3,202681345.6,8833808.604,113.3312,2796.0,252000.0,167.6929834,8.386456596,3596.777721,13859448.62,156000.0
Tanzania,Africa,2014,1030.092917,49959822.0,15439583.0,26318529.0,1266727.0,1.2,1.27,1.29,1.31,10917798123.0,5160301465.0,2648272159.0,3395964452.0,357608632.0,86.7885,31106.181,1113000.0,63.77561693,0.169333567,103.6833158,1098666.333,885800.0
Thailand,Thailand,2014,5951.883702,68438730.0,32127193.0,48978994.0,6984422.0,0.9,0.97,1.29,1.56,209422000000.0,226638000000.0,45247281369.0,51940180537.0,4615464579.0,102.1109,338053.9817,24810000.0,141.8728508,7.94871373,2538.79638,3970840948.0,510890.0
Togo,Africa,2014,640.1139137,7137997.0,2825148.0,3915330.0,199297.0,1.29,1.22,1.25,1.16,2212432147.0,1325739014.0,426022785.3,488858191.6,373613882.3,123.9458,10599.37036,282000.0,63.26861866,0.176660129,154.6652373,384292.5844,54390.0
Tunisia,Africa,2014,4305.474165,11063201.0,7497753.0,7611877.0,835478.0,0.68,0.69,0.91,0.93,23402771437.0,16841268205.0,3400297466.0,4733768242.0,1961329465.0,113.3336,60419.0,7163000.0,129.1094051,5.129970973,1454.642287,19438349.51,155360.0
Turkey,Middle East,2014,12095.85457,77231907.0,56438761.0,51306117.0,5947126.0,1.9,2.33,2.06,2.54,232519000000.0,168926000000.0,25270000000.0,51945000000.0,1092000000.0,106.313,628104.0,39811000.0,93.08443422,11.48057285,2847.126383,677000000.0,769630.0
Ukraine,Eastern Europe,2014,3104.658296,45271947.0,31223156.0,31410438.0,7074102.0,1.16,1.25,1.17,1.35,57680000000.0,50552000000.0,12362000000.0,14884000000.0,2171000000.0,99.04094,47927.4,12712000.0,144.2788474,9.30621027,3418.585024,552000000.0,579290.0
United Kingdom,Northern Europe,2014,47417.63505,64613160.0,53218629.0,41830603.0,11454639.0,1.99,2.27,1.92,2.17,679841000000.0,480703000000.0,236269000000.0,392606000000.0,3154048673.0,102.2555,1064175.7,32613000.0,119.9282021,36.27131583,5129.527793,12175623774.0,241930.0
"Venezuela, RB",South America,2014,16054.49051,30045134.0,26482983.0,19544721.0,1856701.0,0.008,0.011,0.015,0.023,47223000000.0,74672000000.0,17028000000.0,2130000000.0,106000000.0,101.3407,90235.0,857000.0,101.6145342,7.988834525,2718.942775,400000000.0,882050.0
Zambia,Africa,2014,1763.056239,15399753.0,6372726.0,7919582.0,317877.0,1.59,1.48,1.68,1.48,8594794743.0,10220151404.0,1644387981.0,850866423.6,58300302.43,104.332,8050.0,947000.0,65.68185874,0.133255081,717.3491679,1885050.0,743390.0
Albania,Eastern Europe,2012,4247.614279,2900401.0,1575788.0,1972617.0,330283.0,1.79,1.4,1.81,1.46,3981753339.0,1123281061.0,1870592893.0,2432303929.0,1267570515.0,97.58513,10309.17914,3156000.0,120.1058579,5.493573307,2118.327776,23362460.05,27400.0
Algeria,Africa,2012,5592.326098,37383887.0,25763106.0,24959494.0,2080796.0,0.17,0.19,0.29,0.32,51508891624.0,71438958670.0,10873360994.0,3748971944.0,50860802.6,118.0796,54292.0,2634000.0,100.384679,3.08889162,1237.966507,137274934.9,2381740.0
Argentina,South America,2012,13082.66433,41733271.0,38027774.0,26687228.0,4340683.0,1.33,1.05,1.46,0.96,65042742213.0,80083655000.0,18344325454.0,14247100730.0,421861583.5,114.2272,101716.2689,6497000.0,154.059023,12.33040075,3000.603523,2216992900.0,2736690.0
Austria,Western Europe,2012,48567.69529,8429991.0,4817487.0,5678350.0,1540538.0,1.81,1.55,1.81,1.63,164244000000.0,160182000000.0,44107796911.0,57912990819.0,372769718.5,100.5991,162715.736,24151000.0,159.8169515,25.05461216,8548.882199,1955209022.0,82554.00391
Azerbaijan,Western Asia,2012,7496.294648,9295784.0,5008847.0,6665638.0,534180.0,0.57,0.56,0.76,0.75,9963489000.0,31877133000.0,7429580000.0,4808744000.0,1852412000.0,97.95531,16597.0,1986000.0,109.2880368,14.78294152,2052.650965,28180000.0,82657.99805
Belarus,Eastern Europe,2012,6940.159254,9464495.0,7164339.0,6689976.0,1325351.0,0.9,0.86,0.88,1.08,45008900000.0,45574300000.0,4066300000.0,6364100000.0,458600000.0,99.81443,14608.0,6129900.0,113.373886,26.88573466,3697.397484,106800000.0,202910.0
Belgium,Western Europe,2012,44673.11588,11106932.0,10856360.0,7271587.0,1954044.0,1.98,1.62,2.09,1.87,313264000000.0,300843000000.0,99257792540.0,106446000000.0,130868329.9,102.2561,132099.3425,7560000.0,111.077829,33.3052753,7988.524644,2822609814.0,30280.0
Benin,Africa,2012,837.8949968,9729248.0,4293031.0,5172095.0,314860.0,1.26,1.21,1.24,1.04,2002092598.0,1442622239.0,585154008.5,433937560.7,189180149.7,127.2151,1381.0,220000.0,86.41824256,0.429231485,93.1212772,2321130.292,112760.0
Bolivia,South America,2012,2609.880819,10377676.0,6985733.0,6222543.0,660866.0,0.54,0.54,0.7,0.7,7997488635.0,11132827855.0,1921422622.0,1125167106.0,1094341361.0,98.31224,41974.6792,798000.0,91.47719586,1.124606318,654.4817934,42441212.07,1083300.0
Botswana,Africa,2012,7877.79035,2039551.0,1320976.0,1256435.0,71811.0,1.25,0.97,1.23,0.93,8740998306.0,6487200400.0,1166805066.0,762291390.9,2525151.115,105.0808,8422.23448,1614000.0,151.097886,1.090237287,1756.268904,13283368.75,566730.0
Brazil,South America,2012,12370.0242,199287296.0,169240750.0,137364153.0,14453960.0,1.02,1.14,1.39,1.58,224864000000.0,242283000000.0,78984426906.0,38816271715.0,2191048550.0,134.5204,1002565.0,5677000.0,124.6058852,9.594011307,2501.474053,4198155186.0,8358140.0
Bulgaria,Eastern Europe,2012,7378.02473,7305888.0,5331472.0,4923014.0,1374543.0,1.68,1.58,1.69,1.51,30407630000.0,25263630000.0,4142760000.0,7400520000.0,1028600000.0,100.3292,11826.0,6541000.0,146.9965584,18.15851452,4761.912583,184750000.0,108560.0
Cambodia,Southeast Asia,2012,950.880346,14780454.0,3109364.0,9406756.0,570676.0,1.27,0.98,1.35,1.15,9211596155.0,5683779668.0,1591813609.0,3192106492.0,683328218.3,121.7879,7432.0,3584000.0,129.2593245,0.201171087,207.2331472,11139000.0,176520.0
Cameroon,Africa,2012,1354.623087,21485266.0,11337560.0,11519532.0,602703.0,1.01,1.1,1.1,1.2,6031217116.0,5757114154.0,2128641014.0,1628197488.0,133867516.9,111.6662,4938.0,817000.0,61.00952443,0.064444167,247.4253751,7361019.103,472710.0
Colombia,South America,2012,8042.529769,46076848.0,36262940.0,30848434.0,3215075.0,1.18,0.95,1.28,1.41,56648290244.0,61603864423.0,12590095361.0,6447932513.0,3969659207.0,114.9601,254059.929,2179000.0,106.4907095,8.548227073,1170.045312,526909688.7,1109500.0
Costa Rica,North America,2012,9913.209959,4688000.0,3466588.0,3226281.0,365961.0,1.36,0.97,1.57,1.14,14270608616.0,8922635328.0,2224247112.0,6208551333.0,526787745.0,114.6695,40081.0,2343000.0,114.7201792,9.568984642,1942.832765,310560930.4,51060.0
Cote d'Ivoire,Africa,2012,1243.344597,21547188.0,10379711.0,11619224.0,613814.0,1.2,1.3,1.51,1.68,9056744044.0,12123453268.0,2930865358.0,984764894.8,187189255.0,82.73464,415.0,289000.0,83.99950843,0.214259977,234.7870172,17201730.1,318000.0
Croatia,Eastern Europe,2012,13238.11795,4267558.0,2368751.0,2840765.0,776747.0,1.7,1.49,1.77,1.59,19232524954.0,11139866965.0,4017717449.0,12254259236.0,1121751426.0,96.37912,26456.0,10369000.0,115.7237473,21.39776781,3819.280253,307359863.6,55960.0
Cyprus,Middle East,2012,28912.15694,1135046.0,763443.0,802068.0,135524.0,1.78,1.47,1.77,1.47,8758411289.0,3898408570.0,5526454066.0,9885624220.0,501613942.0,100.1753,13296.0,2465000.0,128.5953235,25.53304781,4035.078755,127245097.5,9240.0
Dominican Republic,North America,2012,6110.369521,9930911.0,7527829.0,6364830.0,604514.0,1.35,1.03,1.58,1.23,17673300000.0,8935500000.0,2938500000.0,6140000000.0,4045400000.0,107.9563,2303.0,4563000.0,89.96346359,4.86989317,1499.358921,59200000.0,48310.0
Ecuador,South America,2012,5682.045007,15474102.0,9746827.0,9838179.0,959693.0,0.29,0.28,0.58,0.53,24512948909.0,24562898323.0,3204352072.0,1810012633.0,2466892840.0,112.2776,54250.92262,1272000.0,106.350217,5.452361982,1277.036949,90468876.14,248360.0
"Egypt, Arab Rep.",Africa,2012,3232.648892,86422240.0,37114895.0,53904414.0,4251710.0,0.18,0.19,0.45,0.48,52350400000.0,26834500000.0,16450400000.0,21766800000.0,19236400000.0,104.7797,92303.0,11196000.0,112.006814,2.648361024,1685.468926,344700000.0,995450.0
El Salvador,North America,2012,3428.384736,6237923.0,4191073.0,3892529.0,457629.0,1.17,0.89,1.26,0.92,9159041661.0,4242229301.0,1336752991.0,1868022338.0,3886623977.0,112.3888,26622.0,1255000.0,138.6519199,3.881099526,915.689405,54681828.7,20720.0
Estonia,Northern Europe,2012,17534.42154,1322696.0,899089.0,879415.0,237883.0,1.76,1.57,1.76,1.54,15440881362.0,13807600113.0,3999632501.0,5994142364.0,109736809.7,100.9545,26778.0,2957000.0,151.1345197,26.41458812,6689.367776,61274606.29,42390.0
Ethiopia,Africa,2012,467.0779272,92726971.0,16839218.0,48932866.0,3123787.0,0.94,0.78,1.05,0.91,10547290512.0,3257974059.0,3582647188.0,2736954646.0,624360669.9,94.26506,62136.0,597000.0,22.13367446,0.00920444,57.21097047,2458491.293,1000000.0
France,Western Europe,2012,40874.70351,65659809.0,51791144.0,42019756.0,11501589.0,1.78,1.72,1.91,1.98,630559000000.0,560945000000.0,202520000000.0,234314000000.0,678372078.1,102.5232,739353.5998,81980000.0,97.94818377,37.72562555,7363.423796,8754182545.0,547556.9922
Georgia,Western Asia,2012,4421.818242,3728874.0,2099468.0,2519263.0,528871.0,1.37,1.13,1.34,1.13,7685207566.0,3459098760.0,1453843800.0,2561977911.0,1120091297.0,106.3055,3326.0,2460000.0,115.6116991,11.39369888,2329.92587,7590401.93,69490.0
Greece,Eastern Europe,2012,22242.68193,11045011.0,8505100.0,7214133.0,2178519.0,2.08,1.78,2.06,2.05,53157220535.0,27884573855.0,16053041350.0,35329588220.0,422918736.3,99.16412,111870.0,15518000.0,123.9228745,24.94570836,5534.897159,370769831.0,128900.0
Guatemala,North America,2012,3299.665605,15270778.0,7482681.0,8794041.0,664762.0,1.04,0.85,1.14,0.95,15837722938.0,10102700006.0,2539408924.0,2434970887.0,4933313000.0,108.8771,8091.0,1200000.0,136.1233169,1.835545828,532.6513161,84246400.0,107160.0
Honduras,North America,2012,2144.342611,8640691.0,4597020.0,5169252.0,353025.0,1.15,0.92,1.25,1.04,8620119101.0,4419765998.0,1649734962.0,2247143902.0,2891820587.0,96.52675,16760.0,895000.0,85.29449786,0.70916782,636.6388984,38670131.32,111890.0
Hungary,Eastern Europe,2012,12918.24752,9920362.0,6912310.0,6826447.0,1645029.0,1.91,1.61,1.84,1.67,86152284643.0,89883270321.0,15825697571.0,20750129604.0,253558714.8,99.69793,88801.83165,10353000.0,117.386504,24.289822,3923.042324,1701009788.0,90530.0
India,South Asia,2012,1443.879529,1265782790.0,400417728.0,820297112.0,66652178.0,0.86,0.82,1.25,1.15,499989000000.0,298321000000.0,79919618509.0,145525000000.0,65961872968.0,109.7613,678125.9378,6578000.0,68.31524817,1.183631838,723.2354613,3990055617.0,2973190.0
Indonesia,Southeast Asia,2012,3694.348946,248452413.0,127396459.0,165488379.0,12714718.0,0.47,0.51,0.47,0.79,178667000000.0,187347000000.0,34224073081.0,23660062833.0,7018361287.0,109.2734,641182.3007,8044000.0,113.4883118,1.200635671,733.3718268,1800089222.0,1811570.0
Italy,Western Europe,2012,35053.52624,59539717.0,40894259.0,38712836.0,12480810.0,2.18,1.69,2.28,1.87,463498000000.0,484929000000.0,108625000000.0,108351000000.0,2467314245.0,101.2919,306320.5033,46360000.0,162.3070852,22.98510954,5397.741477,5585999530.0,294140.0
Kazakhstan,Western Asia,2012,12386.7,16792089.0,9566957.0,11475049.0,1143317.0,0.67,0.51,1.01,0.71,46657682105.0,86494429154.0,14344549795.0,5430908296.0,279104848.9,110.3985,44580.0,6163000.0,180.4934178,9.774035498,5180.653819,152394296.0,2699700.0
Kenya,Africa,2012,1136.871406,44343410.0,10809150.0,24467967.0,877261.0,1.26,1.27,1.37,1.33,15526910605.0,6212262084.0,2388633991.0,4993158861.0,1211021439.0,109.4177,82576.0,1619000.0,69.30390445,0.122561459,150.4394903,31781529.12,569140.0
"Korea, Rep.",East Asia,2012,24358.78218,50199853.0,41089082.0,36823181.0,5787363.0,1.63,1.35,1.8,1.52,555076000000.0,603665000000.0,108192000000.0,103134000000.0,5859800000.0,100.3303,285000.0,11140000.0,107.1189423,36.4611027,10305.32898,8616600000.0,97310.0
Latvia,Northern Europe,2012,13847.78511,2034319.0,1381242.0,1360771.0,381722.0,1.77,1.49,1.8,1.48,15771442681.0,12383023626.0,2752401790.0,4836953706.0,769043063.7,101.0487,46732.0,1435000.0,127.1557591,23.01292015,3587.932866,43691574.0,62180.0
Lithuania,Northern Europe,2012,14333.94934,2987773.0,1997745.0,2019161.0,533199.0,1.7,1.42,1.83,1.59,28927922748.0,27484416393.0,4371774797.0,6068179631.0,1322464246.0,101.8544,11874.0,1900000.0,164.0835629,25.24529963,3607.703798,38179826.62,62673.99902
Luxembourg,Western Europe,2012,106749.0136,530946.0,473864.0,365858.0,74012.0,1.64,1.36,1.64,1.55,27063693616.0,25155306027.0,58298684818.0,78000850439.0,29405196.13,97.17509,43021.0,950000.0,143.412256,31.9671776,14703.94353,2600911115.0,2430.0
Malta,Western Europe,2012,21926.80837,420028.0,395713.0,288022.0,70740.0,1.75,1.66,1.92,1.63,5527484270.0,4118625537.0,9256189348.0,11110531532.0,166480734.0,100.7826,13845.0,1443000.0,126.1774879,32.18470919,5002.047483,446337429.2,320.0
Mexico,North America,2012,10241.72792,117274155.0,91948801.0,76177533.0,7439162.0,0.85,0.72,0.86,0.81,371151000000.0,371442000000.0,31298000207.0,16392769673.0,22438322098.0,110.4135,415279.823,23403000.0,85.89038906,11.15102982,2253.514425,253435486.0,1943950.0
Moldova,Eastern Europe,2012,2446.725316,3559519.0,1514860.0,2628954.0,358821.0,1.4,1.08,1.42,1.21,4755380000.0,1687510000.0,912270000.0,1020180000.0,976490000.0,93.79797,6560.0,89000.0,87.94042801,10.26836887,1514.530474,18700000.0,32860.0
Mongolia,East Asia,2012,4351.88692,2824699.0,1921643.0,1938532.0,108072.0,1.22,1.04,1.29,1.11,6830256839.0,3800449204.0,2077473817.0,651533811.4,287364060.6,116.7931,9611.028261,476000.0,119.4890569,3.900062945,1588.133815,12030269.39,1553560.0
Montenegro,Eastern Europe,2012,6586.721279,620601.0,402174.0,421283.0,81607.0,1.75,1.49,1.82,1.62,2273013418.0,497633725.0,433340852.7,1202965674.0,267417247.5,97.3309,7485.0,1264000.0,158.304749,14.02212725,5415.717989,3078425.553,13450.0
Morocco,Africa,2012,2912.658275,33241898.0,19659923.0,21860227.0,2055472.0,0.96,0.88,1.42,1.23,38876982594.0,16991999569.0,8136421399.0,15346623448.0,6507905288.0,110.7162,61161.3007,9375000.0,117.3709565,2.07431284,876.8452391,56844992.81,446300.0
Mozambique,Africa,2012,657.6453378,24862648.0,8166385.0,12749983.0,742857.0,1.23,0.86,1.58,1.11,7903056608.0,3855538399.0,4497793945.0,792110047.4,102417642.7,106.9018,13263.25147,2113000.0,35.41449138,0.118402437,459.967096,8054486.93,786380.0
Netherlands,Western Europe,2012,50073.00566,16754962.0,14842886.0,11126955.0,2746810.0,1.95,1.71,2.33,2.13,455257000000.0,546694000000.0,144255000000.0,132552000000.0,256959120.5,105.8301,307221.0,11680000.0,117.4201279,39.62638996,6876.589753,36136892529.0,33720.0
New Zealand,Australia and Oceanea,2012,39970.44004,4408100.0,3798063.0,2909453.0,599184.0,1.24,0.97,1.77,1.47,37594807312.0,37648283678.0,12408043647.0,13140976900.0,461782564.2,98.34792,203388.0,2473000.0,110.1498795,28.46620209,9360.949162,973564426.1,263310.0
Nigeria,Africa,2012,2746.991789,167228767.0,75664328.0,88719082.0,4615743.0,1.09,0.77,0.62,0.44,56933435483.0,96123869396.0,23941093342.0,2400273740.0,20362467521.0,92.09114,65631.50707,4673000.0,67.43921445,0.008538601,156.7971855,250802141.1,910770.0
Pakistan,South Asia,2012,1198.109001,187281475.0,66312625.0,110061539.0,8023699.0,1.2,0.92,1.14,0.86,40385000000.0,24792000000.0,8517000000.0,6582000000.0,13978000000.0,80.37719,72232.0,966000.0,64.15589184,0.809914543,427.8479759,161000000.0,770880.0
Panama,North America,2012,10722.28363,3770624.0,2478846.0,2424567.0,265895.0,1.02,0.77,1.05,0.85,27761700000.0,21121900000.0,4410800000.0,9970000000.0,381100000.0,103.2912,82753.0,1606000.0,164.7886584,7.816712663,1955.379269,96900000.0,74340.0
Paraguay,South America,2012,5183.082877,6421512.0,3846935.0,4021453.0,349974.0,1.31,1.01,1.74,1.28,11013970000.0,11514777229.0,927345731.9,827097392.5,634100000.0,104.3732,6594.0,579000.0,105.7959861,2.120247985,1359.025725,2500000.0,397300.0
Peru,South America,2012,6528.972218,29506788.0,22662393.0,18933054.0,1946993.0,1.41,1.1,1.63,1.41,40279232747.0,47410606681.0,7563408013.0,4194024812.0,2787954663.0,102.4093,106167.0,2846000.0,99.5976824,4.889668099,1238.087995,363763315.0,1280000.0
Poland,Eastern Europe,2012,13145.53926,38063164.0,23086831.0,26941406.0,5400068.0,1.73,1.5,1.74,1.57,191754000000.0,181259000000.0,33308000000.0,41024000000.0,3492000000.0,99.98213,81194.0,14840000.0,141.4867678,18.01780959,3899.176642,2332000000.0,306220.0
Russian Federation,Eastern Europe,2012,15434.57478,143201676.0,105669949.0,102127982.0,18816488.0,1.0,0.72,0.99,0.84,335771000000.0,527434000000.0,108927000000.0,62340020000.0,1903390000.0,101.0206,636748.0,28177000.0,144.4957561,14.53068301,6617.136241,7629280000.0,16376870.0
Senegal,Africa,2012,1330.057448,13401991.0,5977690.0,7147093.0,417749.0,1.53,1.34,1.72,1.57,5623427235.0,2746142215.0,1328755853.0,1221198534.0,1469944391.0,86.80446,7730.0,962000.0,85.58911242,0.713035793,215.4903701,4896899.35,192530.0
Serbia,Eastern Europe,2012,6015.945228,7199077.0,3985121.0,4877058.0,1111804.0,1.8,1.48,1.78,1.5,18005404512.0,10754620471.0,3825262229.0,3969654770.0,3335575492.0,100.5713,16841.0,810000.0,102.2122875,11.9011583,4386.534552,174972017.3,87460.0
Slovenia,Western Europe,2012,22643.10025,2057159.0,1092516.0,1410612.0,351892.0,1.77,1.62,1.86,1.67,27423919952.0,27313355358.0,5041491449.0,6605992143.0,36267210.27,100.2945,18141.0,2377000.0,108.9092697,24.75120552,6718.975052,356983239.1,20145.69946
Suriname,South America,2012,9201.008785,541245.0,358347.0,351306.0,34344.0,1.52,1.12,1.57,1.14,1971541459.0,2700318313.0,618199108.0,171510603.3,7334766.75,112.7073,2417.513298,240000.0,105.1407403,5.407532633,3314.580273,5796374.94,156000.0
Tanzania,Africa,2012,867.8676806,47052481.0,13877188.0,24753607.0,1182885.0,1.27,1.19,1.31,1.22,10319134708.0,5889215553.0,2358883738.0,2786413951.0,368700425.1,94.17554,28130.47207,1043000.0,57.8480982,0.087826438,97.80568213,851853.3333,885800.0
Thailand,Thailand,2012,5860.58061,67835957.0,30828051.0,48669131.0,6446325.0,0.97,0.95,1.56,1.41,227625000000.0,227655000000.0,45671390157.0,46521371222.0,3754853857.0,97.02945,252368.8984,22354000.0,125.3199593,6.66165831,2443.615559,3609708798.0,510890.0
Tunisia,Africa,2012,4152.678587,10847002.0,7291138.0,7503270.0,812593.0,0.69,0.82,0.93,0.94,23101922348.0,17071350446.0,3195932283.0,5076664515.0,1911528222.0,109.8975,37233.0,6999000.0,118.4095753,4.861324816,1408.868552,12804985.41,155360.0
Turkey,Middle East,2012,11707.25971,74653016.0,53730762.0,49411869.0,5550051.0,2.33,2.03,2.54,2.52,227315000000.0,161948000000.0,21026000000.0,43567000000.0,1113000000.0,98.6305,476115.0,35698000.0,90.66255197,10.5410011,2768.970513,741000000.0,769630.0
Ukraine,Eastern Europe,2012,3855.42128,45593300.0,31359984.0,31831454.0,7124090.0,1.25,0.92,1.35,1.01,86273000000.0,64427000000.0,14589000000.0,22089000000.0,2907000000.0,100.8659,73378.94262,23013000.0,130.8590206,8.037551512,3640.556836,727000000.0,579320.0
United Kingdom,Northern Europe,2012,42462.71491,63700300.0,52130415.0,41622633.0,10896663.0,2.27,1.98,2.17,1.92,637303000000.0,471387000000.0,205211000000.0,339409000000.0,3168822671.0,106.2461,1050702.909,29282000.0,121.3932216,33.60800177,5449.252201,9733764123.0,241930.0
"Venezuela, RB",South America,2012,12985.50533,29362449.0,25875071.0,19030840.0,1720428.0,0.011,0.011,0.023,0.023,65917000000.0,97873000000.0,19428000000.0,2160000000.0,95000000.0,102.3112,78583.16238,988000.0,104.1151279,6.936821999,3304.220299,397000000.0,882050.0
"Yemen, Rep.",Middle East,2012,1446.53628,24473178.0,8065870.0,13583402.0,665418.0,0.47,0.23,0.58,0.35,11354487265.0,7808322733.0,2341348437.0,1577153114.0,3351000000.0,95.09769,16807.4073,874000.0,56.7968737,0.683605537,193.8040086,4800000.0,527970.0
Zambia,Africa,2012,1763.094184,14465121.0,5837255.0,7372139.0,300467.0,1.48,1.52,1.48,1.66,7925533924.0,9520790727.0,1333943758.0,990095738.5,72864000.0,108.1296,8288.0,859000.0,72.75884453,0.103690594,733.2119794,3770201.0,743390.0
Zimbabwe,Africa,2012,1304.969802,13115131.0,4306222.0,7215003.0,391852.0,1.4,1.15,1.52,1.29,6610421644.0,3995772579.0,1775731775.0,340855975.5,2108576219.0,112.5168,11560.36785,1794000.0,96.17835099,0.548259074,608.7625049,9305786.893,386850.0
Albania,Eastern Europe,2010,4094.362119,2913021.0,1519519.0,1948796.0,310102.0,1.4,1.31,1.46,1.36,3775932876.0,739411255.8,2004806425.0,2584937403.0,1355123515.0,93.49047,9412.0,2191000.0,91.32805273,3.579992422,1943.343354,12138446.11,27400.0
Algeria,Africa,2010,4480.724539,35977455.0,24299173.0,24198801.0,1963004.0,0.19,0.2,0.32,0.34,38797066194.0,57098374720.0,11847590715.0,3489359714.0,66315665.59,115.3376,53088.0,2070000.0,91.11307345,2.501566606,1016.636669,92466206.42,2381740.0
Angola,Africa,2010,3587.883798,23356246.0,13963065.0,11817707.0,551384.0,0.43,0.39,0.65,0.53,16666858027.0,50594853215.0,18754364334.0,856877283.3,17972037.0,105.781,17060.0,425000.0,40.26060095,0.064222649,206.4544105,6378100.0,1246700.0
Argentina,South America,2010,10385.96443,40788453.0,37055902.0,26010395.0,4158392.0,1.05,0.58,0.96,0.78,54158763702.0,68305873000.0,14620732011.0,12817143361.0,534932803.5,116.9758,92847.50654,6800000.0,139.580018,9.850015718,2877.652653,1712212410.0,2736690.0
Austria,Western Europe,2010,46858.04327,8363404.0,4800510.0,5644039.0,1488550.0,1.55,1.43,1.63,1.37,146872000000.0,145031000000.0,38748808838.0,52723745798.0,458145131.0,99.78978,176195.0,22004000.0,145.5537959,24.38064725,8382.711154,1610873768.0,82570.99609
Azerbaijan,Western Asia,2010,5842.805784,9054332.0,4835557.0,6452694.0,534050.0,0.56,0.56,0.75,0.74,6306941000.0,25741126000.0,3929451000.0,2493649000.0,1337833000.0,93.7623,9885.0,1280000.0,100.7489875,5.262076415,1603.431374,16531000.0,82655.99609
Bangladesh,South Asia,2010,781.1535936,147575430.0,44954427.0,93328524.0,7042040.0,0.63,0.7,1.09,1.17,25081635495.0,19209407428.0,4389173272.0,2445056547.0,10836030646.0,105.9745,19299.82618,303000.0,46.02655537,0.280920069,247.2633825,17636698.54,130170.0
Belarus,Eastern Europe,2010,6181.399916,9490583.0,7086808.0,6751613.0,1325279.0,0.86,1.06,1.08,1.33,33794800000.0,24506100000.0,3026100000.0,4833000000.0,247600000.0,104.3697,12101.0,119300.0,109.6843993,17.69139545,3563.637766,102700000.0,202900.0
Belgium,Western Europe,2010,44141.87814,10895586.0,10639649.0,7167468.0,1888643.0,1.62,1.34,1.87,1.5,276154000000.0,271417000000.0,87990967137.0,97878122383.0,123234661.0,101.9242,127677.5322,7186000.0,111.110074,30.83667139,8393.949623,1905030685.0,30280.0
Benin,Africa,2010,758.4350829,9199259.0,3964237.0,4868625.0,297125.0,1.21,1.03,1.04,1.03,1775176238.0,1281533308.0,514695794.3,376460025.2,127108662.9,120.152,1255.454545,199000.0,76.90743352,0.293871496,95.44246988,2881215.841,112760.0
Bolivia,South America,2010,1955.461557,10048590.0,6675278.0,5968191.0,614688.0,0.54,0.53,0.7,0.68,5006774120.0,6129300487.0,1148813465.0,707694436.8,939330273.8,103.4391,37019.0,679000.0,71.44577498,0.95484043,596.5015987,19805000.0,1083300.0
Bulgaria,Eastern Europe,2010,6843.26695,7395599.0,5347166.0,5060438.0,1337026.0,1.58,1.37,1.51,1.28,23520630000.0,18741520000.0,3410420000.0,6562370000.0,950640000.0,108.331,11321.0,6047000.0,137.3728082,15.14776819,4560.414917,114240000.0,108560.0
Cambodia,Southeast Asia,2010,785.5022829,14312212.0,2904520.0,9008112.0,534326.0,0.98,0.89,1.15,0.94,6587517405.0,3902895992.0,1018379301.0,2028488798.0,443509118.9,123.8349,5104.722222,2508000.0,56.94971539,0.249199774,144.2823793,6280500.0,176520.0
Cameroon,Africa,2010,1285.261726,20341241.0,10487740.0,10875579.0,578425.0,1.1,1.04,1.2,1.14,4625896014.0,4313262895.0,1745554432.0,1294503827.0,93622352.7,108.1327,0.0,573000.0,42.4588254,0.029270584,261.4884706,11597549.96,472710.0
Colombia,South America,2010,6326.549469,45222700.0,35257426.0,29912581.0,2978555.0,0.95,0.73,1.41,1.04,38405832816.0,40761915542.0,9640966120.0,5120980393.0,3996348682.0,120.3232,226094.0,1405000.0,98.35249333,5.84448297,1094.560917,362407787.4,1109500.0
Costa Rica,North America,2010,8141.913127,4577378.0,3283628.0,3130508.0,334218.0,0.97,1.1,1.14,1.24,11040420104.0,7492546077.0,1889337758.0,5021461778.0,505465786.0,116.8994,41600.55497,2100000.0,68.34419181,8.656964751,1887.980411,158855730.1,51060.0
Croatia,Eastern Europe,2010,13923.63705,4295427.0,2369143.0,2877813.0,754287.0,1.49,1.37,1.59,1.27,18522267465.0,10684135442.0,4208231876.0,11661520500.0,1028932836.0,91.94395,24766.0,9111000.0,113.8670083,19.3583655,3922.310867,224818850.1,55960.0
Dominican Republic,North America,2010,5555.390949,9695121.0,7150443.0,6160073.0,567335.0,1.03,0.94,1.23,1.04,15209900000.0,6816000000.0,2587500000.0,5454500000.0,3682900000.0,110.5022,1552.0,4125000.0,91.72431164,4.02785071,1394.825294,67100000.0,48310.0
Ecuador,South America,2010,4633.590358,15011117.0,9410469.0,9452054.0,900021.0,0.28,0.27,0.53,0.51,19635073726.0,18131092038.0,3000671379.0,1478221640.0,2591484116.0,113.0803,60835.0,1047000.0,98.46522414,1.474373959,1137.956622,54051146.24,248360.0
"Egypt, Arab Rep.",Africa,2010,2644.817039,82761235.0,35603056.0,51850633.0,3966713.0,0.19,0.2,0.48,0.49,45144500000.0,25024200000.0,14717700000.0,23807000000.0,12453100000.0,102.2853,104036.125,14051000.0,85.37935061,1.753995092,1576.039797,226000000.0,995450.0
El Salvador,North America,2010,2983.242708,6183875.0,4047470.0,3789849.0,437404.0,0.89,0.81,0.92,0.78,7495374374.0,3473156739.0,1099649747.0,1497961215.0,3455278619.0,114.973,20961.27709,1150000.0,124.5228275,2.834371652,857.0677771,31490000.0,20720.0
Estonia,Northern Europe,2010,14784.38108,1331475.0,906655.0,896652.0,233328.0,1.57,1.3,1.54,1.18,10445382754.0,9910386285.0,2950820534.0,4717218857.0,92004628.58,103.0321,12207.97055,2511000.0,124.0753516,26.11536212,6506.318181,60041345.41,42390.0
Ethiopia,Africa,2010,341.5541149,87639964.0,15178365.0,45368328.0,2893410.0,0.78,0.89,0.91,0.92,7364532216.0,2479500108.0,2550105172.0,2164718234.0,436143876.3,91.65653,48783.0,468000.0,7.820633062,0.004686218,48.29988292,993167.1947,1000000.0
France,Western Europe,2010,40638.334,65027507.0,50961407.0,42053370.0,10958455.0,1.72,1.45,1.98,1.52,571216000000.0,507695000000.0,181652000000.0,201658000000.0,1021553262.0,102.7615,738003.4264,76647000.0,91.89795153,33.93314168,7734.726783,10014878126.0,547556.9922
Georgia,Western Asia,2010,3233.295943,3786695.0,2102941.0,2567536.0,539257.0,1.13,1.16,1.13,1.09,5021340415.0,2393250865.0,1092516146.0,1640845675.0,802758364.5,103.3403,2803.0,1067000.0,97.05162037,4.450539009,2049.544524,7404609.48,69490.0
Greece,Eastern Europe,2010,26917.75898,11121341.0,8484693.0,7317088.0,2129939.0,1.78,1.41,2.05,1.23,59785809475.0,22244488075.0,20370016489.0,37660362569.0,1234005416.0,98.51425,136382.2579,15007000.0,112.9052704,20.69000831,5333.439556,626946377.4,128900.0
Guatemala,North America,2010,2825.483963,14630417.0,7081561.0,8243288.0,627716.0,0.85,0.82,0.95,0.86,12806515500.0,8535579287.0,2407215919.0,2267739118.0,4162459630.0,115.4871,8875.0,1119000.0,123.4959332,1.77028447,541.9531104,93974900.0,107160.0
Honduras,North America,2010,1904.346465,8317470.0,4315519.0,4860527.0,331148.0,0.92,0.8,1.04,0.8,6605737887.0,2831735681.0,1169457798.0,2107575496.0,2609177671.0,100.659,21574.0,863000.0,114.2783923,0.012022887,617.856151,30380000.0,111890.0
Hungary,Eastern Europe,2010,13113.52596,10000023.0,6891116.0,6904786.0,1609243.0,1.61,1.38,1.67,1.27,84232234636.0,87582997362.0,16048868910.0,19640071485.0,155288292.1,100.8563,111307.0,9510000.0,120.9970314,21.7521962,3876.491084,1799363441.0,90530.0
India,South Asia,2010,1357.563719,1234281170.0,381763166.0,791275570.0,62720364.0,0.82,0.7,1.15,1.09,360146000000.0,230967000000.0,78912971414.0,117068000000.0,52489564633.0,109.1014,623196.7786,5776000.0,60.94154381,0.890396797,640.3946031,2438302981.0,2973190.0
Indonesia,Southeast Asia,2010,3122.362815,241834215.0,120709130.0,160116944.0,12001057.0,0.51,0.42,0.79,0.5,118963000000.0,149966000000.0,26460993705.0,16670487601.0,6734939813.0,109.1503,520932.082,7003000.0,87.36986824,0.942925301,635.9852761,1616459043.0,1811570.0
Ireland,Northern Europe,2010,48715.17686,4560155.0,2806411.0,3110223.0,502068.0,1.69,1.64,1.78,1.56,62109598145.0,118764000000.0,107277000000.0,89075445635.0,15921952.38,103.2355,601262.0,7134000.0,103.2310634,22.39552285,5927.86868,37458289198.0,68890.0
Italy,Western Europe,2010,36000.52012,59277417.0,40502481.0,38823370.0,12108502.0,1.69,1.63,1.87,1.57,464435000000.0,435368000000.0,113061000000.0,100658000000.0,2203026571.0,102.9937,335280.0,43626000.0,157.8857589,22.07834377,5493.711037,6545120562.0,294140.0
Kazakhstan,Western Asia,2010,9070.488253,16321872.0,9275230.0,11283976.0,1111671.0,0.51,0.72,0.71,0.83,32891499209.0,61391673077.0,11368542859.0,4118964033.0,220947554.4,108.7614,33483.0,4097000.0,119.3838723,5.35063421,4728.011591,85536930.0,2699700.0
"Korea, Rep.",East Asia,2010,22086.95292,49554112.0,40602657.0,36276128.0,5298977.0,1.35,1.4,1.52,1.51,415902000000.0,463835000000.0,96921500000.0,82948700000.0,5125200000.0,101.7199,280427.0,8798000.0,102.4656157,34.70390813,9716.126081,9182900000.0,97200.0
Kyrgyz Republic,Western Asia,2010,880.0377751,5447900.0,1923436.0,3572714.0,246430.0,0.79,0.88,0.85,0.8,2934924735.0,1601821438.0,801308805.6,600128306.0,1266195469.0,99.46109,7371.0,259000.0,97.29236321,0.425152237,1371.721214,2586897.0,191800.0
Latvia,Northern Europe,2010,11344.69337,2097555.0,1423002.0,1420718.0,381306.0,1.49,1.23,1.48,1.12,10856777875.0,8812686774.0,2316591937.0,4040301056.0,645283507.4,102.9586,54589.0,1373000.0,108.836776,20.5240457,3229.951062,33039281.24,62240.0
Lithuania,Northern Europe,2010,11953.93844,3097282.0,2067653.0,2105014.0,534941.0,1.42,1.22,1.59,1.13,21428253947.0,19408634273.0,3045869636.0,4318319278.0,1294948276.0,100.4215,4972.63491,1507000.0,156.5706495,21.74651132,3470.78503,34801068.02,62675.0
Luxembourg,Western Europe,2010,104965.3061,506953.0,448892.0,346568.0,70938.0,1.36,1.33,1.55,1.4,21766511669.0,19713658516.0,45617227644.0,62487082979.0,28303878.07,97.56551,38716.0,805000.0,143.1415132,33.15055061,16829.96254,736405872.3,2430.0
Malta,Western Europe,2010,21107.36443,414508.0,389936.0,287324.0,65043.0,1.66,1.56,1.63,1.66,5002472766.0,3346593737.0,8455173374.0,10048137892.0,193568715.5,101.7305,16828.0,1339000.0,109.9760291,30.38939971,4767.097378,1593210597.0,320.0
Mexico,North America,2010,9271.398233,114092963.0,88781439.0,73417829.0,7008938.0,0.72,0.54,0.81,0.74,301803000000.0,298860000000.0,26905169699.0,15489275311.0,21303881801.0,110.6335,445796.033,23290000.0,80.09564358,9.275650944,2018.827401,293690147.0,1943950.0
Moldova,Eastern Europe,2010,1958.13372,3562045.0,1518144.0,2612323.0,361401.0,1.08,1.04,1.21,1.2,3491690000.0,1164601250.0,716440000.0,788030000.0,1009870000.0,93.54078,6571.0,64000.0,62.42147427,6.62630036,1722.886713,12750000.0,32850.0
Mongolia,East Asia,2010,2643.292914,2719896.0,1837752.0,1881444.0,103485.0,1.04,1.42,1.11,1.38,3079892253.0,2907879727.0,788714331.6,485808269.6,247928049.3,125.748,6528.0,456000.0,92.3002203,2.821946133,1488.659861,2589800.0,1553560.0
Montenegro,Eastern Europe,2010,6682.281158,619428.0,397301.0,419905.0,80322.0,1.49,1.21,1.62,1.27,2128054843.0,448968163.2,433488036.3,1048274461.0,205203926.6,110.4347,10064.00869,1088000.0,187.4174042,10.35841576,5419.51607,8872927.094,13450.0
Morocco,Africa,2010,2839.925168,32343389.0,18764987.0,21134005.0,1987070.0,0.88,0.83,1.23,1.29,29627263622.0,12309391165.0,7371474421.0,14736068692.0,6422541530.0,109.7062,75306.0,9288000.0,98.88351218,1.559821081,775.9545544,30432451.13,446300.0
Mozambique,Africa,2010,471.1816926,23531574.0,7490100.0,12060777.0,709300.0,0.86,1.37,1.11,1.71,3512426634.0,2333250120.0,1213747846.0,244899071.5,33415349.66,112.5326,13705.0,1718000.0,30.69992683,0.073615985,453.3058435,3807426.927,786380.0
Netherlands,Western Europe,2010,50950.03434,16615394.0,14477657.0,11139006.0,2564997.0,1.71,1.45,2.13,1.68,397634000000.0,477657000000.0,134438000000.0,124715000000.0,265148391.1,108.2761,268542.0058,10883000.0,114.9619098,37.93701066,7006.273821,32819973389.0,33730.0
New Zealand,Australia and Oceanea,2010,33692.01083,4350700.0,3748563.0,2891029.0,567885.0,0.97,0.85,1.47,1.09,29725118262.0,31726991061.0,10247957389.0,11568279654.0,370502945.3,101.1109,207872.0,2435000.0,107.7787912,24.98820383,9601.903142,699871923.0,263310.0
Nigeria,Africa,2010,2292.445156,158503197.0,68917190.0,84365594.0,4340382.0,0.77,1.13,0.44,0.59,49520313777.0,79618456544.0,21332440848.0,3080523888.0,19578110505.0,85.11785,61789.0,6113000.0,55.07635849,0.062527445,136.4262703,223393845.1,910770.0
Pakistan,South Asia,2010,987.409723,179424641.0,62793242.0,104187041.0,7603503.0,0.92,0.77,0.86,0.84,32843000000.0,21481000000.0,7173000000.0,6575000000.0,9667000000.0,84.59361,64932.0,907000.0,55.27994563,0.440010355,442.1800682,124000000.0,770880.0
Panama,North America,2010,8082.028459,3642687.0,2372846.0,2335282.0,246262.0,0.77,0.68,0.85,0.67,18709500000.0,14146000000.0,2787800000.0,6412000000.0,400000000.0,105.1106,73316.7504,1324000.0,182.4572905,7.090699805,1745.140332,46300000.0,74340.0
Paraguay,South America,2010,4355.934939,6248020.0,3702639.0,3863942.0,326265.0,1.01,0.96,1.28,1.17,9544580000.0,10374741595.0,747445283.7,714544278.8,409885000.0,102.6455,6459.0,465000.0,94.76374916,1.432341766,1171.411103,2500000.0,397300.0
Peru,South America,2010,5082.354757,29027674.0,22185851.0,18487497.0,1804260.0,1.1,0.99,1.41,1.42,28391271228.0,35803080814.0,6050070699.0,3273041456.0,2533910907.0,109.8699,84408.11532,2299000.0,100.3013504,3.212462011,1107.357069,196763615.3,1280000.0
Poland,Eastern Europe,2010,12599.53358,38042794.0,23165018.0,27128349.0,5125363.0,1.5,1.4,1.57,1.43,171038000000.0,156540000000.0,31038000000.0,35402000000.0,3697000000.0,96.52896,82630.0,12470000.0,122.4951194,15.28445466,3797.092296,2248000000.0,306280.0
Senegal,Africa,2010,1278.977754,12678148.0,5549606.0,6762211.0,400058.0,1.34,1.26,1.57,1.35,4082341623.0,2164344303.0,1118888977.0,1048261836.0,1384114284.0,84.03488,0.0,900000.0,65.8117968,0.620335084,202.8687471,5835118.275,192530.0
Serbia,Eastern Europe,2010,5735.422857,7291436.0,4009779.0,4952679.0,1074778.0,1.48,1.14,1.5,1.29,15328637545.0,9074642129.0,3533628971.0,3519701797.0,3953519776.0,95.89576,16893.0,683000.0,110.2776988,9.563649297,4358.812174,156105712.5,87460.0
Slovenia,Western Europe,2010,23509.54339,2048583.0,1078743.0,1420087.0,341887.0,1.62,1.26,1.67,1.18,25679392500.0,24678824416.0,4822061924.0,6244077631.0,30200401.74,99.49639,21840.0,2049000.0,103.8472851,23.02738119,6510.841884,344190440.6,20146.19995
Tanzania,Africa,2010,743.4037847,44346525.0,12467582.0,23345449.0,1100295.0,1.19,1.3,1.22,1.11,7165517771.0,4324280328.0,1888875058.0,2045742501.0,332051605.0,102.8417,21825.0,754000.0,47.3179195,0.017034029,96.62538384,270000.0,885800.0
Thailand,Thailand,2010,5076.342992,67195028.0,29469051.0,48326218.0,5978273.0,0.95,0.64,1.41,0.87,166225000000.0,192903000000.0,41333280110.0,34339814272.0,3157730000.0,96.85814,201306.0,15936000.0,106.7434632,4.839422048,2307.804679,3080540000.0,510890.0
Togo,Africa,2010,533.508792,6421679.0,2410249.0,3498701.0,175333.0,1.17,0.88,1.18,0.89,1424390011.0,976154755.3,403965843.9,320224829.9,300979035.0,127.3374,8164.0,202000.0,40.52340517,0.423954545,124.1108439,1645543.735,54390.0
Tunisia,Africa,2010,4141.976353,10635244.0,7089135.0,7357530.0,796175.0,0.82,0.84,0.94,0.96,21005449211.0,16493433003.0,3234385916.0,5631759117.0,1724814867.0,107.1921,31098.0,7828000.0,104.5035356,4.534019154,1364.989839,15159983.23,155360.0
Turkey,Middle East,2010,10672.38925,72326988.0,51225589.0,47653673.0,5215982.0,2.03,1.63,2.52,1.87,177317000000.0,120992000000.0,19704000000.0,36453000000.0,1055000000.0,101.299,369174.0,31364000.0,85.40330063,9.813989489,2491.628713,816000000.0,769630.0
Ukraine,Eastern Europe,2010,2965.142365,45870700.0,31465465.0,32185893.0,7205114.0,0.92,0.96,1.01,0.88,56896000000.0,47299000000.0,12712000000.0,18327000000.0,2489000000.0,98.81844,66038.0,21203000.0,117.7678197,6.454904046,3549.847724,744000000.0,579320.0
United Kingdom,Northern Europe,2010,39435.8399,62766365.0,51030310.0,41384858.0,10400226.0,1.98,1.65,1.92,1.44,558402000000.0,411351000000.0,191500000000.0,288971000000.0,3255438475.0,104.5549,985109.0231,28295000.0,120.9109032,30.17895673,5700.855864,10168424907.0,241930.0
"Venezuela, RB",South America,2010,13825.35809,28439940.0,25050752.0,18350777.0,1583491.0,0.011,0.01,0.023,0.02,41702000000.0,66883000000.0,14336000000.0,1848000000.0,121000000.0,102.7558,84065.0,526000.0,98.03161329,5.882839415,3195.681847,340000000.0,882050.0
"Yemen, Rep.",Middle East,2010,1334.784845,23154855.0,7357687.0,12657324.0,616634.0,0.23,0.17,0.35,0.3,8472912000.0,7648263495.0,2156104000.0,1622240000.0,1526000000.0,91.74583,20600.0,1025000.0,47.87332937,0.362774891,254.849361,4800000.0,527970.0
Zambia,Africa,2010,1489.45907,13605984.0,5354635.0,6888490.0,283344.0,1.52,1.61,1.66,1.7,4709901003.0,7483488751.0,888111627.6,570852569.7,43657312.0,106.9788,9730.0,815000.0,40.03378954,0.075459445,590.548982,548844.0,743390.0
